frame_index,timestamp,elapsed_ms,num_poses_detected
0,2026-03-20T01:15:03.462,4355.745,1
1,2026-03-20T01:15:03.868,82.835,1
2,2026-03-20T01:15:03.952,78.697,1
3,2026-03-20T01:15:04.035,78.446,1
4,2026-03-20T01:15:04.116,76.521,1
5,2026-03-20T01:15:04.201,79.669,1
6,2026-03-20T01:15:04.280,74.989,1
7,2026-03-20T01:15:04.364,79.908,1
8,2026-03-20T01:15:04.447,78.644,1
9,2026-03-20T01:15:04.529,78.056,1
10,2026-03-20T01:15:04.612,78.056,1
11,2026-03-20T01:15:04.696,79.667,1
12,2026-03-20T01:15:04.778,77.714,1
13,2026-03-20T01:15:04.861,78.868,1
14,2026-03-20T01:15:04.943,77.615,1
15,2026-03-20T01:15:05.024,77.057,1
16,2026-03-20T01:15:05.112,83.195,1
17,2026-03-20T01:15:05.197,80.362,1
18,2026-03-20T01:15:05.286,84.005,1
19,2026-03-20T01:15:05.372,80.807,1
20,2026-03-20T01:15:05.456,80.175,1
21,2026-03-20T01:15:05.541,81.461,1
22,2026-03-20T01:15:05.621,75.283,1
23,2026-03-20T01:15:05.703,77.073,1
24,2026-03-20T01:15:05.785,76.001,1
25,2026-03-20T01:15:05.869,79.395,1
26,2026-03-20T01:15:05.951,77.511,1
27,2026-03-20T01:15:06.032,76.111,1
28,2026-03-20T01:15:06.116,80.357,1
29,2026-03-20T01:15:06.199,78.023,1
30,2026-03-20T01:15:06.282,78.866,1
31,2026-03-20T01:15:06.365,79.146,1
32,2026-03-20T01:15:06.447,77.881,1
33,2026-03-20T01:15:06.529,76.992,1
34,2026-03-20T01:15:06.616,82.645,1
35,2026-03-20T01:15:06.703,83.214,1
36,2026-03-20T01:15:06.785,77.468,1
37,2026-03-20T01:15:06.867,77.518,1
38,2026-03-20T01:15:06.950,77.728,1
39,2026-03-20T01:15:07.039,85.002,1
40,2026-03-20T01:15:07.124,79.460,1
41,2026-03-20T01:15:07.216,87.744,1
42,2026-03-20T01:15:07.300,79.139,1
43,2026-03-20T01:15:07.381,76.493,1
44,2026-03-20T01:15:07.464,78.732,1
45,2026-03-20T01:15:07.550,81.386,1
46,2026-03-20T01:15:07.637,81.606,1
47,2026-03-20T01:15:07.718,78.871,1
48,2026-03-20T01:15:07.799,77.201,1
49,2026-03-20T01:15:07.882,78.115,1
50,2026-03-20T01:15:07.966,79.359,1
51,2026-03-20T01:15:08.045,74.970,1
52,2026-03-20T01:15:08.127,78.192,1
53,2026-03-20T01:15:08.206,74.112,1
54,2026-03-20T01:15:08.286,75.308,1
55,2026-03-20T01:15:08.366,75.750,1
56,2026-03-20T01:15:08.447,76.957,1
57,2026-03-20T01:15:08.528,76.571,1
58,2026-03-20T01:15:08.604,71.747,1
59,2026-03-20T01:15:08.686,78.064,1
60,2026-03-20T01:15:08.770,76.977,1
61,2026-03-20T01:15:08.846,71.774,1
62,2026-03-20T01:15:08.922,71.460,1
63,2026-03-20T01:15:09.009,82.781,1
64,2026-03-20T01:15:09.087,74.353,1
65,2026-03-20T01:15:09.173,81.350,1
66,2026-03-20T01:15:09.259,81.364,1
67,2026-03-20T01:15:09.354,90.270,1
68,2026-03-20T01:15:09.436,78.494,1
69,2026-03-20T01:15:09.527,86.245,1
70,2026-03-20T01:15:09.627,93.444,1
71,2026-03-20T01:15:09.712,80.337,1
72,2026-03-20T01:15:09.795,78.891,1
73,2026-03-20T01:15:09.877,77.605,1
74,2026-03-20T01:15:09.962,81.122,1
75,2026-03-20T01:15:10.048,81.328,1
76,2026-03-20T01:15:10.131,77.230,1
77,2026-03-20T01:15:10.217,81.402,1
78,2026-03-20T01:15:10.299,78.454,1
79,2026-03-20T01:15:10.378,74.411,1
80,2026-03-20T01:15:10.457,74.222,1
81,2026-03-20T01:15:10.542,80.400,1
82,2026-03-20T01:15:10.626,79.292,1
83,2026-03-20T01:15:10.706,75.798,1
84,2026-03-20T01:15:10.789,78.907,1
85,2026-03-20T01:15:10.871,77.773,1
86,2026-03-20T01:15:10.955,78.913,1
87,2026-03-20T01:15:11.041,79.232,1
88,2026-03-20T01:15:11.125,79.077,1
89,2026-03-20T01:15:11.203,73.626,1
90,2026-03-20T01:15:11.286,78.708,1
91,2026-03-20T01:15:11.370,79.362,1
92,2026-03-20T01:15:11.456,81.705,1
93,2026-03-20T01:15:11.538,77.223,1
94,2026-03-20T01:15:11.621,78.815,1
95,2026-03-20T01:15:11.704,79.065,1
96,2026-03-20T01:15:11.787,78.231,1
97,2026-03-20T01:15:11.868,76.407,1
98,2026-03-20T01:15:11.947,74.864,1
99,2026-03-20T01:15:12.035,82.766,1
100,2026-03-20T01:15:12.118,77.508,1
101,2026-03-20T01:15:12.202,79.046,1
102,2026-03-20T01:15:12.285,78.861,1
103,2026-03-20T01:15:12.361,71.523,1
104,2026-03-20T01:15:12.443,77.456,1
105,2026-03-20T01:15:12.524,76.825,1
106,2026-03-20T01:15:12.604,75.704,1
107,2026-03-20T01:15:12.681,73.289,1
108,2026-03-20T01:15:12.756,70.241,1
109,2026-03-20T01:15:12.838,77.292,1
110,2026-03-20T01:15:12.922,80.007,1
111,2026-03-20T01:15:12.995,70.146,1
112,2026-03-20T01:15:13.076,76.843,1
113,2026-03-20T01:15:13.160,80.423,1
114,2026-03-20T01:15:13.239,75.018,1
115,2026-03-20T01:15:13.323,78.659,1
116,2026-03-20T01:15:13.401,73.647,1
117,2026-03-20T01:15:13.487,81.835,1
118,2026-03-20T01:15:13.567,75.189,1
119,2026-03-20T01:15:13.655,82.330,1
120,2026-03-20T01:15:13.747,87.210,1
121,2026-03-20T01:15:13.838,86.061,1
122,2026-03-20T01:15:13.924,80.806,1
123,2026-03-20T01:15:14.011,83.165,1
124,2026-03-20T01:15:14.095,78.924,1
125,2026-03-20T01:15:14.176,76.916,1
126,2026-03-20T01:15:14.254,73.452,1
127,2026-03-20T01:15:14.334,75.013,1
128,2026-03-20T01:15:14.413,75.153,1
129,2026-03-20T01:15:14.489,71.096,1
130,2026-03-20T01:15:14.569,74.735,1
131,2026-03-20T01:15:14.649,75.943,1
132,2026-03-20T01:15:14.725,71.373,1
133,2026-03-20T01:15:14.809,79.865,1
134,2026-03-20T01:15:14.883,69.803,1
135,2026-03-20T01:15:14.962,73.810,1
136,2026-03-20T01:15:15.045,78.663,1
137,2026-03-20T01:15:15.127,77.988,1
138,2026-03-20T01:15:15.211,79.204,1
139,2026-03-20T01:15:15.290,74.156,1
140,2026-03-20T01:15:15.369,75.040,1
141,2026-03-20T01:15:15.449,75.604,1
142,2026-03-20T01:15:15.528,73.879,1
143,2026-03-20T01:15:15.606,74.194,1
144,2026-03-20T01:15:15.684,73.213,1
145,2026-03-20T01:15:15.767,79.494,1
146,2026-03-20T01:15:15.843,70.539,1
147,2026-03-20T01:15:15.923,76.131,1
148,2026-03-20T01:15:16.002,74.797,1
149,2026-03-20T01:15:16.084,77.554,1
150,2026-03-20T01:15:16.168,79.725,1
151,2026-03-20T01:15:16.246,73.787,1
152,2026-03-20T01:15:16.326,75.632,1
153,2026-03-20T01:15:16.406,76.010,1
154,2026-03-20T01:15:16.488,76.807,1
155,2026-03-20T01:15:16.570,77.580,1
156,2026-03-20T01:15:16.653,77.777,1
157,2026-03-20T01:15:16.729,71.809,1
158,2026-03-20T01:15:16.812,78.791,1
159,2026-03-20T01:15:16.896,78.778,1
160,2026-03-20T01:15:16.981,80.741,1
161,2026-03-20T01:15:17.064,78.468,1
162,2026-03-20T01:15:17.158,88.652,1
163,2026-03-20T01:15:17.242,79.675,1
164,2026-03-20T01:15:17.324,77.563,1
165,2026-03-20T01:15:17.409,80.193,1
166,2026-03-20T01:15:17.496,83.006,1
167,2026-03-20T01:15:17.584,82.727,1
168,2026-03-20T01:15:17.669,79.604,1
169,2026-03-20T01:15:17.757,83.913,1
170,2026-03-20T01:15:17.846,84.651,1
171,2026-03-20T01:15:17.947,96.547,1
172,2026-03-20T01:15:18.048,95.891,1
173,2026-03-20T01:15:18.136,84.246,1
174,2026-03-20T01:15:18.223,82.236,1
175,2026-03-20T01:15:18.311,83.173,1
176,2026-03-20T01:15:18.397,81.885,1
177,2026-03-20T01:15:18.483,81.648,1
178,2026-03-20T01:15:18.570,83.131,1
179,2026-03-20T01:15:18.655,80.122,1
180,2026-03-20T01:15:18.746,86.532,1
181,2026-03-20T01:15:18.831,80.480,1
182,2026-03-20T01:15:18.909,74.185,1
183,2026-03-20T01:15:18.997,83.559,1
184,2026-03-20T01:15:19.078,76.602,1
185,2026-03-20T01:15:19.164,80.221,1
186,2026-03-20T01:15:19.250,78.741,1
187,2026-03-20T01:15:19.332,77.021,1
188,2026-03-20T01:15:19.413,74.971,1
189,2026-03-20T01:15:19.490,71.546,1
190,2026-03-20T01:15:19.572,76.162,1
191,2026-03-20T01:15:19.657,80.535,1
192,2026-03-20T01:15:19.738,74.953,1
193,2026-03-20T01:15:19.819,75.137,1
194,2026-03-20T01:15:19.898,74.729,1
195,2026-03-20T01:15:19.984,81.740,1
196,2026-03-20T01:15:20.072,82.902,1
197,2026-03-20T01:15:20.160,82.646,1
198,2026-03-20T01:15:20.245,79.638,1
199,2026-03-20T01:15:20.325,74.834,1
200,2026-03-20T01:15:20.409,79.277,1
201,2026-03-20T01:15:20.491,77.474,1
202,2026-03-20T01:15:20.573,77.675,1
203,2026-03-20T01:15:20.652,75.048,1
204,2026-03-20T01:15:20.737,80.168,1
205,2026-03-20T01:15:20.820,77.852,1
206,2026-03-20T01:15:20.894,69.363,1
207,2026-03-20T01:15:20.975,75.929,1
208,2026-03-20T01:15:21.055,77.548,1
209,2026-03-20T01:15:21.133,74.116,1
210,2026-03-20T01:15:21.220,81.722,1
211,2026-03-20T01:15:21.304,79.789,1
212,2026-03-20T01:15:21.386,77.833,1
213,2026-03-20T01:15:21.465,74.453,1
214,2026-03-20T01:15:21.549,79.080,1
215,2026-03-20T01:15:21.634,78.800,1
216,2026-03-20T01:15:21.713,74.639,1
217,2026-03-20T01:15:21.794,75.243,1
218,2026-03-20T01:15:21.872,72.098,1
219,2026-03-20T01:15:21.957,80.165,1
220,2026-03-20T01:15:22.047,83.296,1
221,2026-03-20T01:15:22.131,79.390,1
222,2026-03-20T01:15:22.219,82.979,1
223,2026-03-20T01:15:22.306,82.547,1
224,2026-03-20T01:15:22.384,73.068,1
225,2026-03-20T01:15:22.466,76.112,1
226,2026-03-20T01:15:22.547,76.082,1
227,2026-03-20T01:15:22.631,78.674,1
228,2026-03-20T01:15:22.706,68.432,1
229,2026-03-20T01:15:22.788,74.211,1
230,2026-03-20T01:15:22.867,74.555,1
231,2026-03-20T01:15:22.944,72.875,1
232,2026-03-20T01:15:23.022,74.300,1
233,2026-03-20T01:15:23.111,83.137,1
234,2026-03-20T01:15:23.195,79.553,1
235,2026-03-20T01:15:23.279,79.923,1
236,2026-03-20T01:15:23.364,79.547,1
237,2026-03-20T01:15:23.449,79.658,1
238,2026-03-20T01:15:23.536,82.194,1
239,2026-03-20T01:15:23.619,75.519,1
240,2026-03-20T01:15:23.702,77.102,1
241,2026-03-20T01:15:23.786,78.191,1
242,2026-03-20T01:15:23.870,78.709,1
243,2026-03-20T01:15:23.947,73.515,1
244,2026-03-20T01:15:24.027,74.846,1
245,2026-03-20T01:15:24.111,79.673,1
246,2026-03-20T01:15:24.198,81.305,1
247,2026-03-20T01:15:24.281,78.659,1
248,2026-03-20T01:15:24.359,71.493,1
249,2026-03-20T01:15:24.436,72.115,1
250,2026-03-20T01:15:24.515,73.638,1
251,2026-03-20T01:15:24.595,74.795,1
252,2026-03-20T01:15:24.677,77.298,1
253,2026-03-20T01:15:24.758,76.302,1
254,2026-03-20T01:15:24.835,72.376,1
255,2026-03-20T01:15:24.916,75.893,1
256,2026-03-20T01:15:25.002,81.336,1
257,2026-03-20T01:15:25.089,82.222,1
258,2026-03-20T01:15:25.172,77.490,1
259,2026-03-20T01:15:25.253,75.637,1
260,2026-03-20T01:15:25.332,73.562,1
261,2026-03-20T01:15:25.412,75.001,1
262,2026-03-20T01:15:25.491,73.207,1
263,2026-03-20T01:15:25.571,75.376,1
264,2026-03-20T01:15:25.653,75.973,1
265,2026-03-20T01:15:25.734,72.993,1
266,2026-03-20T01:15:25.814,75.271,1
267,2026-03-20T01:15:25.897,77.514,1
268,2026-03-20T01:15:25.976,72.394,1
269,2026-03-20T01:15:26.057,76.036,1
270,2026-03-20T01:15:26.141,75.653,1
271,2026-03-20T01:15:26.224,74.156,1
272,2026-03-20T01:15:26.309,79.728,1
273,2026-03-20T01:15:26.387,73.017,1
274,2026-03-20T01:15:26.467,73.643,1
275,2026-03-20T01:15:26.542,68.942,1
276,2026-03-20T01:15:26.623,71.066,1
277,2026-03-20T01:15:26.709,80.429,1
278,2026-03-20T01:15:26.795,80.284,1
279,2026-03-20T01:15:26.873,71.787,1
280,2026-03-20T01:15:26.954,76.077,1
281,2026-03-20T01:15:27.036,75.369,1
282,2026-03-20T01:15:27.120,78.644,1
283,2026-03-20T01:15:27.205,77.750,1
284,2026-03-20T01:15:27.290,78.856,1
285,2026-03-20T01:15:27.371,74.988,1
286,2026-03-20T01:15:27.452,73.488,1
287,2026-03-20T01:15:27.537,79.739,1
288,2026-03-20T01:15:27.622,79.699,1
289,2026-03-20T01:15:27.701,73.626,1
290,2026-03-20T01:15:27.781,74.893,1
291,2026-03-20T01:15:27.866,80.220,1
292,2026-03-20T01:15:27.946,75.275,1
293,2026-03-20T01:15:28.025,74.338,1
294,2026-03-20T01:15:28.097,68.406,1
295,2026-03-20T01:15:28.181,75.530,1
296,2026-03-20T01:15:28.263,75.973,1
297,2026-03-20T01:15:28.351,80.041,1
298,2026-03-20T01:15:28.432,75.302,1
299,2026-03-20T01:15:28.514,76.854,1
300,2026-03-20T01:15:28.594,75.163,1
301,2026-03-20T01:15:28.678,78.462,1
302,2026-03-20T01:15:28.769,84.709,1
303,2026-03-20T01:15:28.872,93.404,1
304,2026-03-20T01:15:28.970,90.615,1
305,2026-03-20T01:15:29.061,85.732,1
306,2026-03-20T01:15:29.150,82.812,1
307,2026-03-20T01:15:29.241,86.473,1
308,2026-03-20T01:15:29.325,78.507,1
309,2026-03-20T01:15:29.408,77.271,1
310,2026-03-20T01:15:29.489,75.570,1
311,2026-03-20T01:15:29.571,76.879,1
312,2026-03-20T01:15:29.654,77.959,1
313,2026-03-20T01:15:29.735,76.691,1
314,2026-03-20T01:15:29.816,76.011,1
315,2026-03-20T01:15:29.897,76.013,1
316,2026-03-20T01:15:29.979,76.662,1
317,2026-03-20T01:15:30.065,79.611,1
318,2026-03-20T01:15:30.146,75.454,1
319,2026-03-20T01:15:30.238,86.771,1
320,2026-03-20T01:15:30.321,78.712,1
321,2026-03-20T01:15:30.402,75.572,1
322,2026-03-20T01:15:30.485,77.913,1
323,2026-03-20T01:15:30.567,76.755,1
324,2026-03-20T01:15:30.648,75.392,1
325,2026-03-20T01:15:30.730,77.154,1
326,2026-03-20T01:15:30.810,75.705,1
327,2026-03-20T01:15:30.893,77.643,1
328,2026-03-20T01:15:30.975,76.488,1
329,2026-03-20T01:15:31.052,71.608,1
330,2026-03-20T01:15:31.138,80.109,1
331,2026-03-20T01:15:31.225,82.097,1
332,2026-03-20T01:15:31.308,77.742,1
333,2026-03-20T01:15:31.382,69.694,1
334,2026-03-20T01:15:31.461,73.208,1
335,2026-03-20T01:15:31.539,72.052,1
336,2026-03-20T01:15:31.623,79.313,1
337,2026-03-20T01:15:31.706,74.796,1
338,2026-03-20T01:15:31.781,70.667,1
339,2026-03-20T01:15:31.860,73.581,1
340,2026-03-20T01:15:31.941,76.294,1
341,2026-03-20T01:15:32.023,76.502,1
342,2026-03-20T01:15:32.106,77.745,1
343,2026-03-20T01:15:32.182,69.190,1
344,2026-03-20T01:15:32.253,66.096,1
345,2026-03-20T01:15:32.333,74.723,1
346,2026-03-20T01:15:32.400,62.130,1
347,2026-03-20T01:15:32.469,63.970,1
348,2026-03-20T01:15:32.542,68.301,1
349,2026-03-20T01:15:32.620,72.006,1
350,2026-03-20T01:15:32.695,70.060,1
351,2026-03-20T01:15:32.766,66.017,1
352,2026-03-20T01:15:32.835,64.849,1
353,2026-03-20T01:15:32.906,65.852,1
354,2026-03-20T01:15:32.980,69.047,1
355,2026-03-20T01:15:33.054,69.818,1
356,2026-03-20T01:15:33.132,72.576,1
357,2026-03-20T01:15:33.207,70.269,1
358,2026-03-20T01:15:33.284,71.494,1
359,2026-03-20T01:15:33.364,72.312,1
360,2026-03-20T01:15:33.440,71.237,1
361,2026-03-20T01:15:33.516,70.227,1
362,2026-03-20T01:15:33.591,69.812,1
363,2026-03-20T01:15:33.662,65.235,1
364,2026-03-20T01:15:33.736,69.622,1
365,2026-03-20T01:15:33.810,68.354,1
366,2026-03-20T01:15:33.878,63.947,1
367,2026-03-20T01:15:33.944,60.794,1
368,2026-03-20T01:15:34.014,65.591,1
369,2026-03-20T01:15:34.087,68.035,1
370,2026-03-20T01:15:34.161,68.708,1
371,2026-03-20T01:15:34.235,68.534,1
372,2026-03-20T01:15:34.310,69.867,1
373,2026-03-20T01:15:34.383,66.167,1
374,2026-03-20T01:15:34.456,68.046,1
375,2026-03-20T01:15:34.531,68.808,1
376,2026-03-20T01:15:34.608,71.642,1
377,2026-03-20T01:15:34.687,73.380,1
378,2026-03-20T01:15:34.764,71.939,1
379,2026-03-20T01:15:34.847,77.534,1
380,2026-03-20T01:15:34.940,86.648,1
381,2026-03-20T01:15:35.016,71.724,1
382,2026-03-20T01:15:35.092,70.680,1
383,2026-03-20T01:15:35.163,65.966,1
384,2026-03-20T01:15:35.238,69.840,1
385,2026-03-20T01:15:35.314,70.676,1
386,2026-03-20T01:15:35.387,68.575,1
387,2026-03-20T01:15:35.462,69.624,1
388,2026-03-20T01:15:35.530,63.100,1
389,2026-03-20T01:15:35.600,65.451,1
390,2026-03-20T01:15:35.675,70.227,1
391,2026-03-20T01:15:35.749,69.066,1
392,2026-03-20T01:15:35.827,71.850,1
393,2026-03-20T01:15:35.900,67.384,1
394,2026-03-20T01:15:35.975,69.999,1
395,2026-03-20T01:15:36.046,66.006,1
396,2026-03-20T01:15:36.119,68.316,1
397,2026-03-20T01:15:36.195,70.727,1
398,2026-03-20T01:15:36.268,68.221,1
399,2026-03-20T01:15:36.343,69.880,1
400,2026-03-20T01:15:36.412,64.185,1
401,2026-03-20T01:15:36.488,70.549,1
402,2026-03-20T01:15:36.563,70.410,1
403,2026-03-20T01:15:36.637,68.888,1
404,2026-03-20T01:15:36.713,71.169,1
405,2026-03-20T01:15:36.781,63.022,1
406,2026-03-20T01:15:36.855,68.340,1
407,2026-03-20T01:15:36.927,66.745,1
408,2026-03-20T01:15:37.000,68.625,1
409,2026-03-20T01:15:37.080,74.606,1
410,2026-03-20T01:15:37.154,69.843,1
411,2026-03-20T01:15:37.230,70.616,1
412,2026-03-20T01:15:37.311,75.766,1
413,2026-03-20T01:15:37.384,67.605,1
414,2026-03-20T01:15:37.460,70.659,1
415,2026-03-20T01:15:37.533,67.277,1
416,2026-03-20T01:15:37.605,67.247,1
417,2026-03-20T01:15:37.680,69.535,1
418,2026-03-20T01:15:37.752,64.934,1
419,2026-03-20T01:15:37.819,62.243,1
420,2026-03-20T01:15:37.886,62.087,1
421,2026-03-20T01:15:37.962,70.745,1
422,2026-03-20T01:15:38.035,68.511,1
423,2026-03-20T01:15:38.108,68.489,1
424,2026-03-20T01:15:38.184,70.555,1
425,2026-03-20T01:15:38.254,65.100,1
426,2026-03-20T01:15:38.329,69.907,1
427,2026-03-20T01:15:38.403,68.579,1
428,2026-03-20T01:15:38.476,67.892,1
429,2026-03-20T01:15:38.547,65.931,1
430,2026-03-20T01:15:38.618,66.482,1
431,2026-03-20T01:15:38.690,67.047,1
432,2026-03-20T01:15:38.762,67.022,1
433,2026-03-20T01:15:38.838,70.357,1
434,2026-03-20T01:15:38.910,67.144,1
435,2026-03-20T01:15:38.980,64.999,1
436,2026-03-20T01:15:39.053,66.671,1
437,2026-03-20T01:15:39.127,68.980,1
438,2026-03-20T01:15:39.203,70.325,1
439,2026-03-20T01:15:39.277,67.973,1
440,2026-03-20T01:15:39.349,67.250,1
441,2026-03-20T01:15:39.423,68.983,1
442,2026-03-20T01:15:39.496,67.787,1
443,2026-03-20T01:15:39.569,67.512,1
444,2026-03-20T01:15:39.645,71.569,1
445,2026-03-20T01:15:39.719,68.684,1
446,2026-03-20T01:15:39.791,66.647,1
447,2026-03-20T01:15:39.860,63.607,1
448,2026-03-20T01:15:39.933,68.843,1
449,2026-03-20T01:15:40.008,70.014,1
450,2026-03-20T01:15:40.082,69.498,1
451,2026-03-20T01:15:40.161,73.020,1
452,2026-03-20T01:15:40.232,66.260,1
453,2026-03-20T01:15:40.304,66.645,1
454,2026-03-20T01:15:40.379,68.812,1
455,2026-03-20T01:15:40.450,66.711,1
456,2026-03-20T01:15:40.529,73.764,1
457,2026-03-20T01:15:40.603,69.837,1
458,2026-03-20T01:15:40.675,66.065,1
459,2026-03-20T01:15:40.749,68.342,1
460,2026-03-20T01:15:40.820,66.154,1
461,2026-03-20T01:15:40.889,64.456,1
462,2026-03-20T01:15:40.959,65.374,1
463,2026-03-20T01:15:41.033,68.964,1
464,2026-03-20T01:15:41.104,66.218,1
465,2026-03-20T01:15:41.179,69.483,1
466,2026-03-20T01:15:41.249,65.000,1
467,2026-03-20T01:15:41.329,75.237,1
468,2026-03-20T01:15:41.404,70.477,1
469,2026-03-20T01:15:41.479,70.168,1
470,2026-03-20T01:15:41.551,66.404,1
471,2026-03-20T01:15:41.622,65.210,1
472,2026-03-20T01:15:41.693,65.860,1
473,2026-03-20T01:15:41.772,73.973,1
474,2026-03-20T01:15:41.847,70.642,1
475,2026-03-20T01:15:41.919,67.015,1
476,2026-03-20T01:15:41.996,72.077,1
477,2026-03-20T01:15:42.070,68.247,1
478,2026-03-20T01:15:42.148,72.661,1
479,2026-03-20T01:15:42.224,70.848,1
480,2026-03-20T01:15:42.303,72.664,1
481,2026-03-20T01:15:42.378,70.769,1
482,2026-03-20T01:15:42.448,64.898,1
483,2026-03-20T01:15:42.520,66.509,1
484,2026-03-20T01:15:42.593,68.207,1
485,2026-03-20T01:15:42.668,69.566,1
486,2026-03-20T01:15:42.740,66.232,1
487,2026-03-20T01:15:42.812,67.118,1
488,2026-03-20T01:15:42.884,67.108,1
489,2026-03-20T01:15:42.959,69.417,1
490,2026-03-20T01:15:43.035,71.980,1
491,2026-03-20T01:15:43.110,69.176,1
492,2026-03-20T01:15:43.183,68.394,1
493,2026-03-20T01:15:43.263,75.038,1
494,2026-03-20T01:15:43.335,66.554,1
495,2026-03-20T01:15:43.407,67.173,1
496,2026-03-20T01:15:43.478,66.337,1
497,2026-03-20T01:15:43.548,65.741,1
498,2026-03-20T01:15:43.619,65.287,1
499,2026-03-20T01:15:43.688,63.075,1
500,2026-03-20T01:15:43.761,68.159,1
501,2026-03-20T01:15:43.836,69.417,1
502,2026-03-20T01:15:43.906,65.296,1
503,2026-03-20T01:15:43.979,67.990,1
504,2026-03-20T01:15:44.054,70.229,1
505,2026-03-20T01:15:44.124,65.575,1
506,2026-03-20T01:15:44.198,68.564,1
507,2026-03-20T01:15:44.272,68.568,1
508,2026-03-20T01:15:44.347,70.064,1
509,2026-03-20T01:15:44.424,72.015,1
510,2026-03-20T01:15:44.500,70.363,1
511,2026-03-20T01:15:44.572,67.677,1
512,2026-03-20T01:15:44.649,71.933,1
513,2026-03-20T01:15:44.722,67.667,1
514,2026-03-20T01:15:44.795,66.704,1
515,2026-03-20T01:15:44.868,68.106,1
516,2026-03-20T01:15:44.943,68.962,1
517,2026-03-20T01:15:45.015,67.711,1
518,2026-03-20T01:15:45.093,71.433,1
519,2026-03-20T01:15:45.167,68.418,1
520,2026-03-20T01:15:45.242,69.682,1
521,2026-03-20T01:15:45.311,63.981,1
522,2026-03-20T01:15:45.385,68.289,1
523,2026-03-20T01:15:45.456,66.137,1
524,2026-03-20T01:15:45.529,67.689,1
525,2026-03-20T01:15:45.596,61.883,1
526,2026-03-20T01:15:45.672,71.162,1
527,2026-03-20T01:15:45.740,62.424,1
528,2026-03-20T01:15:45.811,66.359,1
529,2026-03-20T01:15:45.885,68.961,1
530,2026-03-20T01:15:45.956,66.540,1
531,2026-03-20T01:15:46.028,67.264,1
532,2026-03-20T01:15:46.098,64.903,1
533,2026-03-20T01:15:46.169,65.631,1
534,2026-03-20T01:15:46.242,67.690,1
535,2026-03-20T01:15:46.321,73.222,1
536,2026-03-20T01:15:46.396,70.836,1
537,2026-03-20T01:15:46.472,69.090,1
538,2026-03-20T01:15:46.546,68.982,1
539,2026-03-20T01:15:46.622,71.146,1
540,2026-03-20T01:15:46.694,66.921,1
541,2026-03-20T01:15:46.773,74.423,1
542,2026-03-20T01:15:46.847,68.217,1
543,2026-03-20T01:15:46.923,70.783,1
544,2026-03-20T01:15:46.997,69.164,1
545,2026-03-20T01:15:47.073,69.698,1
546,2026-03-20T01:15:47.152,73.448,1
547,2026-03-20T01:15:47.235,77.431,1
548,2026-03-20T01:15:47.309,68.619,1
549,2026-03-20T01:15:47.378,63.949,1
550,2026-03-20T01:15:47.455,72.188,1
551,2026-03-20T01:15:47.529,69.200,1
552,2026-03-20T01:15:47.605,70.710,1
553,2026-03-20T01:15:47.685,72.611,1
554,2026-03-20T01:15:47.761,72.006,1
555,2026-03-20T01:15:47.833,66.017,1
556,2026-03-20T01:15:47.908,70.168,1
557,2026-03-20T01:15:47.984,69.111,1
558,2026-03-20T01:15:48.059,70.916,1
559,2026-03-20T01:15:48.138,72.498,1
560,2026-03-20T01:15:48.217,72.565,1
561,2026-03-20T01:15:48.296,72.618,1
562,2026-03-20T01:15:48.377,76.017,1
563,2026-03-20T01:15:48.456,72.829,1
564,2026-03-20T01:15:48.537,76.419,1
565,2026-03-20T01:15:48.616,74.150,1
566,2026-03-20T01:15:48.695,73.428,1
567,2026-03-20T01:15:48.777,75.749,1
568,2026-03-20T01:15:48.856,74.566,1
569,2026-03-20T01:15:48.931,69.733,1
570,2026-03-20T01:15:49.010,73.420,1
571,2026-03-20T01:15:49.084,68.977,1
572,2026-03-20T01:15:49.163,72.733,1
573,2026-03-20T01:15:49.244,75.805,1
574,2026-03-20T01:15:49.322,73.522,1
575,2026-03-20T01:15:49.404,76.224,1
576,2026-03-20T01:15:49.483,74.435,1
577,2026-03-20T01:15:49.557,69.317,1
578,2026-03-20T01:15:49.639,75.822,1
579,2026-03-20T01:15:49.714,69.803,1
580,2026-03-20T01:15:49.789,68.681,1
581,2026-03-20T01:15:49.867,72.289,1
582,2026-03-20T01:15:49.943,70.133,1
583,2026-03-20T01:15:50.018,69.746,1
584,2026-03-20T01:15:50.091,67.291,1
585,2026-03-20T01:15:50.174,76.416,1
586,2026-03-20T01:15:50.255,75.646,1
587,2026-03-20T01:15:50.337,77.601,1
588,2026-03-20T01:15:50.418,75.150,1
589,2026-03-20T01:15:50.500,76.690,1
590,2026-03-20T01:15:50.580,74.532,1
591,2026-03-20T01:15:50.662,75.481,1
592,2026-03-20T01:15:50.739,72.181,1
593,2026-03-20T01:15:50.821,76.348,1
594,2026-03-20T01:15:50.899,73.780,1
595,2026-03-20T01:15:50.975,69.967,1
596,2026-03-20T01:15:51.054,73.182,1
597,2026-03-20T01:15:51.129,70.174,1
598,2026-03-20T01:15:51.212,78.217,1
599,2026-03-20T01:15:51.293,74.440,1
600,2026-03-20T01:15:51.370,72.013,1
601,2026-03-20T01:15:51.453,77.318,1
602,2026-03-20T01:15:51.528,70.722,1
603,2026-03-20T01:15:51.607,72.694,1
604,2026-03-20T01:15:51.689,76.746,1
605,2026-03-20T01:15:51.764,70.871,1
606,2026-03-20T01:15:51.847,77.990,1
607,2026-03-20T01:15:51.930,78.498,1
608,2026-03-20T01:15:52.007,71.426,1
609,2026-03-20T01:15:52.083,69.978,1
610,2026-03-20T01:15:52.164,75.047,1
611,2026-03-20T01:15:52.248,78.264,1
612,2026-03-20T01:15:52.325,70.454,1
613,2026-03-20T01:15:52.404,74.197,1
614,2026-03-20T01:15:52.487,77.253,1
615,2026-03-20T01:15:52.564,71.182,1
616,2026-03-20T01:15:52.643,74.132,1
617,2026-03-20T01:15:52.719,71.434,1
618,2026-03-20T01:15:52.796,71.527,1
619,2026-03-20T01:15:52.875,73.796,1
620,2026-03-20T01:15:52.956,75.413,1
621,2026-03-20T01:15:53.030,68.393,1
622,2026-03-20T01:15:53.104,67.668,1
623,2026-03-20T01:15:53.180,71.470,1
624,2026-03-20T01:15:53.262,76.562,1
625,2026-03-20T01:15:53.339,71.918,1
626,2026-03-20T01:15:53.414,69.327,1
627,2026-03-20T01:15:53.488,69.168,1
628,2026-03-20T01:15:53.564,70.959,1
629,2026-03-20T01:15:53.641,71.526,1
630,2026-03-20T01:15:53.721,75.494,1
631,2026-03-20T01:15:53.795,68.871,1
632,2026-03-20T01:15:53.875,73.546,1
633,2026-03-20T01:15:53.952,71.889,1
634,2026-03-20T01:15:54.028,70.349,1
635,2026-03-20T01:15:54.102,69.680,1
636,2026-03-20T01:15:54.178,70.916,1
637,2026-03-20T01:15:54.263,78.956,1
638,2026-03-20T01:15:54.359,89.418,1
639,2026-03-20T01:15:54.438,72.843,1
640,2026-03-20T01:15:54.516,73.056,1
641,2026-03-20T01:15:54.596,74.558,1
642,2026-03-20T01:15:54.673,70.862,1
643,2026-03-20T01:15:54.750,71.865,1
644,2026-03-20T01:15:54.824,68.779,1
645,2026-03-20T01:15:54.898,69.504,1
646,2026-03-20T01:15:54.974,69.447,1
647,2026-03-20T01:15:55.052,73.596,1
648,2026-03-20T01:15:55.131,73.045,1
649,2026-03-20T01:15:55.209,72.703,1
650,2026-03-20T01:15:55.290,74.161,1
651,2026-03-20T01:15:55.367,71.754,1
652,2026-03-20T01:15:55.446,72.604,1
653,2026-03-20T01:15:55.525,73.709,1
654,2026-03-20T01:15:55.603,73.633,1
655,2026-03-20T01:15:55.687,78.641,1
656,2026-03-20T01:15:55.769,76.690,1
657,2026-03-20T01:15:55.847,72.077,1
658,2026-03-20T01:15:55.929,75.619,1
659,2026-03-20T01:15:56.005,71.186,1
660,2026-03-20T01:15:56.084,73.179,1
661,2026-03-20T01:15:56.162,72.699,1
662,2026-03-20T01:15:56.237,69.799,1
663,2026-03-20T01:15:56.312,69.477,1
664,2026-03-20T01:15:56.389,71.401,1
665,2026-03-20T01:15:56.464,70.321,1
666,2026-03-20T01:15:56.540,70.603,1
667,2026-03-20T01:15:56.618,73.329,1
668,2026-03-20T01:15:56.697,73.303,1
669,2026-03-20T01:15:56.774,71.712,1
670,2026-03-20T01:15:56.856,77.167,1
671,2026-03-20T01:15:56.935,73.930,1
672,2026-03-20T01:15:57.021,79.354,1
673,2026-03-20T01:15:57.101,75.929,1
674,2026-03-20T01:15:57.188,80.827,1
675,2026-03-20T01:15:57.271,76.992,1
676,2026-03-20T01:15:57.349,72.530,1
677,2026-03-20T01:15:57.422,68.192,1
678,2026-03-20T01:15:57.497,68.129,1
679,2026-03-20T01:15:57.580,77.852,1
680,2026-03-20T01:15:57.653,68.069,1
681,2026-03-20T01:15:57.729,70.431,1
682,2026-03-20T01:15:57.808,73.940,1
683,2026-03-20T01:15:57.890,76.684,1
684,2026-03-20T01:15:57.972,74.811,1
685,2026-03-20T01:15:58.050,72.376,1
686,2026-03-20T01:15:58.130,74.364,1
687,2026-03-20T01:15:58.207,72.263,1
688,2026-03-20T01:15:58.288,75.075,1
689,2026-03-20T01:15:58.364,71.064,1
690,2026-03-20T01:15:58.437,68.375,1
691,2026-03-20T01:15:58.516,73.199,1
692,2026-03-20T01:15:58.594,72.431,1
693,2026-03-20T01:15:58.673,73.760,1
694,2026-03-20T01:15:58.752,73.627,1
695,2026-03-20T01:15:58.828,71.213,1
696,2026-03-20T01:15:58.904,69.541,1
697,2026-03-20T01:15:58.980,70.623,1
698,2026-03-20T01:15:59.060,74.023,1
699,2026-03-20T01:15:59.142,77.323,1
700,2026-03-20T01:15:59.222,74.353,1
701,2026-03-20T01:15:59.296,68.766,1
702,2026-03-20T01:15:59.372,70.899,1
703,2026-03-20T01:15:59.446,69.168,1
704,2026-03-20T01:15:59.523,71.546,1
705,2026-03-20T01:15:59.602,74.224,1
706,2026-03-20T01:15:59.675,68.347,1
707,2026-03-20T01:15:59.750,69.642,1
708,2026-03-20T01:15:59.826,71.210,1
709,2026-03-20T01:15:59.906,74.797,1
710,2026-03-20T01:15:59.980,68.392,1
711,2026-03-20T01:16:00.055,70.973,1
712,2026-03-20T01:16:00.131,70.191,1
713,2026-03-20T01:16:00.208,70.917,1
714,2026-03-20T01:16:00.294,80.822,1
715,2026-03-20T01:16:00.372,73.451,1
716,2026-03-20T01:16:00.452,74.438,1
717,2026-03-20T01:16:00.529,72.147,1
718,2026-03-20T01:16:00.611,76.172,1
719,2026-03-20T01:16:00.687,70.946,1
720,2026-03-20T01:16:00.764,71.016,1
721,2026-03-20T01:16:00.840,71.309,1
722,2026-03-20T01:16:00.921,74.454,1
723,2026-03-20T01:16:01.001,75.205,1
724,2026-03-20T01:16:01.081,74.484,1
725,2026-03-20T01:16:01.162,75.381,1
726,2026-03-20T01:16:01.239,71.284,1
727,2026-03-20T01:16:01.320,74.898,1
728,2026-03-20T01:16:01.402,77.300,1
729,2026-03-20T01:16:01.481,73.515,1
730,2026-03-20T01:16:01.562,76.070,1
731,2026-03-20T01:16:01.641,73.356,1
732,2026-03-20T01:16:01.717,71.133,1
733,2026-03-20T01:16:01.794,72.276,1
734,2026-03-20T01:16:01.874,74.878,1
735,2026-03-20T01:16:01.954,74.044,1
736,2026-03-20T01:16:02.032,72.507,1
737,2026-03-20T01:16:02.111,74.371,1
738,2026-03-20T01:16:02.204,85.016,1
739,2026-03-20T01:16:02.292,81.986,1
740,2026-03-20T01:16:02.374,76.068,1
741,2026-03-20T01:16:02.450,70.806,1
742,2026-03-20T01:16:02.528,73.363,1
743,2026-03-20T01:16:02.604,70.301,1
744,2026-03-20T01:16:02.688,77.400,1
745,2026-03-20T01:16:02.766,73.647,1
746,2026-03-20T01:16:02.849,78.154,1
747,2026-03-20T01:16:02.930,75.622,1
748,2026-03-20T01:16:03.014,78.511,1
749,2026-03-20T01:16:03.098,79.014,1
750,2026-03-20T01:16:03.178,75.149,1
751,2026-03-20T01:16:03.259,74.870,1
752,2026-03-20T01:16:03.338,73.705,1
753,2026-03-20T01:16:03.406,62.632,1
754,2026-03-20T01:16:03.481,69.605,1
755,2026-03-20T01:16:03.555,69.782,1
756,2026-03-20T01:16:03.633,72.551,1
757,2026-03-20T01:16:03.707,69.831,1
758,2026-03-20T01:16:03.788,74.641,1
759,2026-03-20T01:16:03.865,72.328,1
760,2026-03-20T01:16:03.943,72.186,1
761,2026-03-20T01:16:04.024,75.596,1
762,2026-03-20T01:16:04.097,69.628,1
763,2026-03-20T01:16:04.175,71.263,1
764,2026-03-20T01:16:04.252,70.069,1
765,2026-03-20T01:16:04.328,70.937,1
766,2026-03-20T01:16:04.403,69.723,1
767,2026-03-20T01:16:04.484,74.894,1
768,2026-03-20T01:16:04.562,73.400,1
769,2026-03-20T01:16:04.636,68.791,1
770,2026-03-20T01:16:04.709,68.223,1
771,2026-03-20T01:16:04.787,73.478,1
772,2026-03-20T01:16:04.864,71.532,1
773,2026-03-20T01:16:04.940,70.499,1
774,2026-03-20T01:16:05.017,71.383,1
775,2026-03-20T01:16:05.095,72.754,1
776,2026-03-20T01:16:05.171,71.950,1
777,2026-03-20T01:16:05.254,77.749,1
778,2026-03-20T01:16:05.329,70.841,1
779,2026-03-20T01:16:05.404,69.170,1
780,2026-03-20T01:16:05.476,66.883,1
781,2026-03-20T01:16:05.555,74.303,1
782,2026-03-20T01:16:05.636,74.824,1
783,2026-03-20T01:16:05.714,72.779,1
784,2026-03-20T01:16:05.790,71.947,1
785,2026-03-20T01:16:05.866,70.271,1
786,2026-03-20T01:16:05.948,75.392,1
787,2026-03-20T01:16:06.027,74.468,1
788,2026-03-20T01:16:06.100,67.824,1
789,2026-03-20T01:16:06.179,73.516,1
790,2026-03-20T01:16:06.258,73.176,1
791,2026-03-20T01:16:06.330,64.279,1
792,2026-03-20T01:16:06.406,71.770,1
793,2026-03-20T01:16:06.480,68.580,1
794,2026-03-20T01:16:06.561,75.495,1
795,2026-03-20T01:16:06.636,68.945,1
796,2026-03-20T01:16:06.715,72.833,1
797,2026-03-20T01:16:06.793,72.536,1
798,2026-03-20T01:16:06.871,73.721,1
799,2026-03-20T01:16:06.948,72.655,1
800,2026-03-20T01:16:07.019,66.429,1
801,2026-03-20T01:16:07.096,71.527,1
802,2026-03-20T01:16:07.173,71.593,1
803,2026-03-20T01:16:07.248,70.085,1
804,2026-03-20T01:16:07.324,69.489,1
805,2026-03-20T01:16:07.393,63.294,1
806,2026-03-20T01:16:07.467,67.912,1
807,2026-03-20T01:16:07.540,69.130,1
808,2026-03-20T01:16:07.618,72.184,1
809,2026-03-20T01:16:07.698,75.162,1
810,2026-03-20T01:16:07.780,76.684,1
811,2026-03-20T01:16:07.865,79.193,1
812,2026-03-20T01:16:07.947,77.098,1
813,2026-03-20T01:16:08.024,71.835,1
814,2026-03-20T01:16:08.100,70.642,1
815,2026-03-20T01:16:08.182,77.391,1
816,2026-03-20T01:16:08.260,72.336,1
817,2026-03-20T01:16:08.340,74.857,1
818,2026-03-20T01:16:08.418,73.626,1
819,2026-03-20T01:16:08.498,74.330,1
820,2026-03-20T01:16:08.577,73.370,1
821,2026-03-20T01:16:08.656,74.113,1
822,2026-03-20T01:16:08.732,70.441,1
823,2026-03-20T01:16:08.816,78.224,1
824,2026-03-20T01:16:08.895,73.871,1
825,2026-03-20T01:16:08.970,70.354,1
826,2026-03-20T01:16:09.055,79.508,1
827,2026-03-20T01:16:09.132,71.855,1
828,2026-03-20T01:16:09.214,75.815,1
829,2026-03-20T01:16:09.291,71.532,1
830,2026-03-20T01:16:09.363,67.362,1
831,2026-03-20T01:16:09.431,64.151,1
832,2026-03-20T01:16:09.506,69.190,1
833,2026-03-20T01:16:09.581,70.401,1
834,2026-03-20T01:16:09.662,75.239,1
835,2026-03-20T01:16:09.737,69.812,1
836,2026-03-20T01:16:09.812,70.609,1
837,2026-03-20T01:16:09.893,75.217,1
838,2026-03-20T01:16:09.971,72.896,1
839,2026-03-20T01:16:10.052,76.099,1
840,2026-03-20T01:16:10.131,73.434,1
841,2026-03-20T01:16:10.209,72.728,1
842,2026-03-20T01:16:10.284,69.285,1
843,2026-03-20T01:16:10.358,69.262,1
844,2026-03-20T01:16:10.434,70.532,1
845,2026-03-20T01:16:10.510,70.981,1
846,2026-03-20T01:16:10.590,75.283,1
847,2026-03-20T01:16:10.667,72.123,1
848,2026-03-20T01:16:10.748,74.005,1
849,2026-03-20T01:16:10.822,68.924,1
850,2026-03-20T01:16:10.901,74.359,1
851,2026-03-20T01:16:10.974,66.754,1
852,2026-03-20T01:16:11.061,79.220,1
853,2026-03-20T01:16:11.136,69.971,1
854,2026-03-20T01:16:11.214,72.013,1
855,2026-03-20T01:16:11.299,79.981,1
856,2026-03-20T01:16:11.372,67.615,1
857,2026-03-20T01:16:11.447,69.949,1
858,2026-03-20T01:16:11.524,71.510,1
859,2026-03-20T01:16:11.597,66.082,1
860,2026-03-20T01:16:11.674,70.914,1
861,2026-03-20T01:16:11.750,71.522,1
862,2026-03-20T01:16:11.826,70.853,1
863,2026-03-20T01:16:11.902,70.492,1
864,2026-03-20T01:16:11.982,74.745,1
865,2026-03-20T01:16:12.062,74.301,1
866,2026-03-20T01:16:12.148,80.376,1
867,2026-03-20T01:16:12.225,71.635,1
868,2026-03-20T01:16:12.304,72.989,1
869,2026-03-20T01:16:12.381,71.327,1
870,2026-03-20T01:16:12.465,77.847,1
871,2026-03-20T01:16:12.541,70.943,1
872,2026-03-20T01:16:12.614,68.070,1
873,2026-03-20T01:16:12.693,74.014,1
874,2026-03-20T01:16:12.769,71.064,1
875,2026-03-20T01:16:12.851,76.743,1
876,2026-03-20T01:16:12.927,69.658,1
877,2026-03-20T01:16:13.010,76.840,1
878,2026-03-20T01:16:13.084,69.758,1
879,2026-03-20T01:16:13.159,69.163,1
880,2026-03-20T01:16:13.241,76.831,1
881,2026-03-20T01:16:13.322,74.895,1
882,2026-03-20T01:16:13.398,70.932,1
883,2026-03-20T01:16:13.473,70.098,1
884,2026-03-20T01:16:13.550,72.029,1
885,2026-03-20T01:16:13.627,71.794,1
886,2026-03-20T01:16:13.707,74.692,1
887,2026-03-20T01:16:13.790,77.770,1
888,2026-03-20T01:16:13.875,78.872,1
889,2026-03-20T01:16:13.951,72.129,1
890,2026-03-20T01:16:14.032,75.690,1
891,2026-03-20T01:16:14.105,67.670,1
892,2026-03-20T01:16:14.188,78.158,1
893,2026-03-20T01:16:14.272,77.898,1
894,2026-03-20T01:16:14.349,72.240,1
895,2026-03-20T01:16:14.430,75.269,1
896,2026-03-20T01:16:14.507,72.277,1
897,2026-03-20T01:16:14.585,70.735,1
898,2026-03-20T01:16:14.663,72.976,1
899,2026-03-20T01:16:14.742,73.692,1
900,2026-03-20T01:16:14.817,69.528,1
901,2026-03-20T01:16:14.895,73.419,1
902,2026-03-20T01:16:14.972,70.894,1
903,2026-03-20T01:16:15.049,71.846,1
904,2026-03-20T01:16:15.121,67.111,1
905,2026-03-20T01:16:15.200,73.724,1
906,2026-03-20T01:16:15.276,71.368,1
907,2026-03-20T01:16:15.354,73.058,1
908,2026-03-20T01:16:15.433,73.220,1
909,2026-03-20T01:16:15.510,71.178,1
910,2026-03-20T01:16:15.585,69.901,1
911,2026-03-20T01:16:15.661,70.563,1
912,2026-03-20T01:16:15.740,73.430,1
913,2026-03-20T01:16:15.818,73.184,1
914,2026-03-20T01:16:15.900,77.090,1
915,2026-03-20T01:16:15.977,71.942,1
916,2026-03-20T01:16:16.055,73.229,1
917,2026-03-20T01:16:16.135,74.941,1
918,2026-03-20T01:16:16.214,72.617,1
919,2026-03-20T01:16:16.291,72.263,1
920,2026-03-20T01:16:16.364,67.491,1
921,2026-03-20T01:16:16.439,69.477,1
922,2026-03-20T01:16:16.516,71.500,1
923,2026-03-20T01:16:16.593,70.215,1
924,2026-03-20T01:16:16.667,68.793,1
925,2026-03-20T01:16:16.746,73.490,1
926,2026-03-20T01:16:16.829,77.207,1
927,2026-03-20T01:16:16.908,73.868,1
928,2026-03-20T01:16:16.989,75.693,1
929,2026-03-20T01:16:17.063,67.493,1
930,2026-03-20T01:16:17.141,72.793,1
931,2026-03-20T01:16:17.218,71.577,1
932,2026-03-20T01:16:17.298,74.196,1
933,2026-03-20T01:16:17.375,72.760,1
934,2026-03-20T01:16:17.450,69.395,1
935,2026-03-20T01:16:17.529,73.888,1
936,2026-03-20T01:16:17.607,72.465,1
937,2026-03-20T01:16:17.691,77.551,1
938,2026-03-20T01:16:17.763,66.465,1
939,2026-03-20T01:16:17.842,73.357,1
940,2026-03-20T01:16:17.918,71.012,1
941,2026-03-20T01:16:17.997,74.708,1
942,2026-03-20T01:16:18.074,70.904,1
943,2026-03-20T01:16:18.151,72.250,1
944,2026-03-20T01:16:18.234,77.610,1
945,2026-03-20T01:16:18.311,72.500,1
946,2026-03-20T01:16:18.390,73.735,1
947,2026-03-20T01:16:18.467,71.297,1
948,2026-03-20T01:16:18.544,71.704,1
949,2026-03-20T01:16:18.620,70.788,1
950,2026-03-20T01:16:18.700,75.035,1
951,2026-03-20T01:16:18.775,70.316,1
952,2026-03-20T01:16:18.851,70.110,1
953,2026-03-20T01:16:18.931,74.681,1
954,2026-03-20T01:16:19.008,71.818,1
955,2026-03-20T01:16:19.085,71.817,1
956,2026-03-20T01:16:19.162,71.419,1
957,2026-03-20T01:16:19.238,71.405,1
958,2026-03-20T01:16:19.316,73.012,1
959,2026-03-20T01:16:19.393,71.473,1
960,2026-03-20T01:16:19.476,78.303,1
961,2026-03-20T01:16:19.555,73.465,1
962,2026-03-20T01:16:19.631,71.022,1
963,2026-03-20T01:16:19.716,80.409,1
964,2026-03-20T01:16:19.796,74.656,1
965,2026-03-20T01:16:19.875,73.862,1
966,2026-03-20T01:16:19.954,73.801,1
967,2026-03-20T01:16:20.029,69.822,1
968,2026-03-20T01:16:20.105,70.989,1
969,2026-03-20T01:16:20.188,76.490,1
970,2026-03-20T01:16:20.272,78.953,1
971,2026-03-20T01:16:20.351,73.613,1
972,2026-03-20T01:16:20.428,71.917,1
973,2026-03-20T01:16:20.505,72.006,1
974,2026-03-20T01:16:20.584,73.412,1
975,2026-03-20T01:16:20.663,73.663,1
976,2026-03-20T01:16:20.744,75.601,1
977,2026-03-20T01:16:20.822,72.443,1
978,2026-03-20T01:16:20.903,75.676,1
979,2026-03-20T01:16:20.978,70.117,1
980,2026-03-20T01:16:21.061,78.655,1
981,2026-03-20T01:16:21.142,75.745,1
982,2026-03-20T01:16:21.217,70.124,1
983,2026-03-20T01:16:21.297,73.648,1
984,2026-03-20T01:16:21.371,69.454,1
985,2026-03-20T01:16:21.448,72.740,1
986,2026-03-20T01:16:21.526,72.058,1
987,2026-03-20T01:16:21.599,67.907,1
988,2026-03-20T01:16:21.679,74.658,1
989,2026-03-20T01:16:21.758,73.106,1
990,2026-03-20T01:16:21.831,67.723,1
991,2026-03-20T01:16:21.906,70.179,1
992,2026-03-20T01:16:21.981,70.107,1
993,2026-03-20T01:16:22.057,70.848,1
994,2026-03-20T01:16:22.127,64.980,1
995,2026-03-20T01:16:22.199,66.995,1
996,2026-03-20T01:16:22.273,68.043,1
997,2026-03-20T01:16:22.347,68.580,1
998,2026-03-20T01:16:22.421,67.031,1
999,2026-03-20T01:16:22.494,68.389,1
1000,2026-03-20T01:16:22.566,67.884,1
1001,2026-03-20T01:16:22.639,67.786,1
1002,2026-03-20T01:16:22.707,62.447,1
1003,2026-03-20T01:16:22.774,62.926,1
1004,2026-03-20T01:16:22.846,66.445,1
1005,2026-03-20T01:16:22.917,66.020,1
1006,2026-03-20T01:16:22.992,69.976,1
1007,2026-03-20T01:16:23.066,68.590,1
1008,2026-03-20T01:16:23.149,77.770,1
1009,2026-03-20T01:16:23.232,77.638,1
1010,2026-03-20T01:16:23.308,71.061,1
1011,2026-03-20T01:16:23.388,74.511,1
1012,2026-03-20T01:16:23.466,72.136,1
1013,2026-03-20T01:16:23.546,74.846,1
1014,2026-03-20T01:16:23.628,77.031,1
1015,2026-03-20T01:16:23.709,75.293,1
1016,2026-03-20T01:16:23.789,75.845,1
1017,2026-03-20T01:16:23.868,73.081,1
1018,2026-03-20T01:16:23.950,76.507,1
1019,2026-03-20T01:16:24.026,71.470,1
1020,2026-03-20T01:16:24.105,73.808,1
1021,2026-03-20T01:16:24.185,74.464,1
1022,2026-03-20T01:16:24.268,78.501,1
1023,2026-03-20T01:16:24.346,72.084,1
1024,2026-03-20T01:16:24.422,71.590,1
1025,2026-03-20T01:16:24.503,75.579,1
1026,2026-03-20T01:16:24.588,79.835,1
1027,2026-03-20T01:16:24.669,75.504,1
1028,2026-03-20T01:16:24.747,72.488,1
1029,2026-03-20T01:16:24.826,73.341,1
1030,2026-03-20T01:16:24.905,73.784,1
1031,2026-03-20T01:16:24.987,76.423,1
1032,2026-03-20T01:16:25.071,78.377,1
1033,2026-03-20T01:16:25.151,74.619,1
1034,2026-03-20T01:16:25.232,75.664,1
1035,2026-03-20T01:16:25.303,66.398,1
1036,2026-03-20T01:16:25.382,74.068,1
1037,2026-03-20T01:16:25.462,75.194,1
1038,2026-03-20T01:16:25.538,70.131,1
1039,2026-03-20T01:16:25.614,71.596,1
1040,2026-03-20T01:16:25.696,77.021,1
1041,2026-03-20T01:16:25.779,77.527,1
1042,2026-03-20T01:16:25.857,72.393,1
1043,2026-03-20T01:16:25.941,78.413,1
1044,2026-03-20T01:16:26.022,76.247,1
1045,2026-03-20T01:16:26.102,74.306,1
1046,2026-03-20T01:16:26.178,71.258,1
1047,2026-03-20T01:16:26.255,71.722,1
1048,2026-03-20T01:16:26.335,75.549,1
1049,2026-03-20T01:16:26.412,71.122,1
1050,2026-03-20T01:16:26.489,70.666,1
1051,2026-03-20T01:16:26.571,77.464,1
1052,2026-03-20T01:16:26.649,73.218,1
1053,2026-03-20T01:16:26.718,63.863,1
1054,2026-03-20T01:16:26.797,73.616,1
1055,2026-03-20T01:16:26.873,70.043,1
1056,2026-03-20T01:16:26.954,76.257,1
1057,2026-03-20T01:16:27.037,78.100,1
1058,2026-03-20T01:16:27.117,73.548,1
1059,2026-03-20T01:16:27.199,75.774,1
1060,2026-03-20T01:16:27.278,73.341,1
1061,2026-03-20T01:16:27.362,77.831,1
1062,2026-03-20T01:16:27.439,72.343,1
1063,2026-03-20T01:16:27.512,67.374,1
1064,2026-03-20T01:16:27.590,72.788,1
1065,2026-03-20T01:16:27.669,74.305,1
1066,2026-03-20T01:16:27.748,73.160,1
1067,2026-03-20T01:16:27.826,73.850,1
1068,2026-03-20T01:16:27.899,67.968,1
1069,2026-03-20T01:16:27.979,74.019,1
1070,2026-03-20T01:16:28.055,69.748,1
1071,2026-03-20T01:16:28.136,74.761,1
1072,2026-03-20T01:16:28.214,72.707,1
1073,2026-03-20T01:16:28.292,72.276,1
1074,2026-03-20T01:16:28.370,72.984,1
1075,2026-03-20T01:16:28.446,70.585,1
1076,2026-03-20T01:16:28.524,72.643,1
1077,2026-03-20T01:16:28.600,71.733,1
1078,2026-03-20T01:16:28.677,71.129,1
1079,2026-03-20T01:16:28.751,68.539,1
1080,2026-03-20T01:16:28.830,74.474,1
1081,2026-03-20T01:16:28.909,73.788,1
1082,2026-03-20T01:16:28.983,68.705,1
1083,2026-03-20T01:16:29.062,73.341,1
1084,2026-03-20T01:16:29.146,79.004,1
1085,2026-03-20T01:16:29.221,70.575,1
1086,2026-03-20T01:16:29.307,80.471,1
1087,2026-03-20T01:16:29.395,83.087,1
1088,2026-03-20T01:16:29.479,77.493,1
1089,2026-03-20T01:16:29.561,77.138,1
1090,2026-03-20T01:16:29.648,80.706,1
1091,2026-03-20T01:16:29.731,77.940,1
1092,2026-03-20T01:16:29.814,77.597,1
1093,2026-03-20T01:16:29.891,71.911,1
1094,2026-03-20T01:16:29.966,69.557,1
1095,2026-03-20T01:16:30.041,69.595,1
1096,2026-03-20T01:16:30.121,73.893,1
1097,2026-03-20T01:16:30.197,70.411,1
1098,2026-03-20T01:16:30.275,73.245,1
1099,2026-03-20T01:16:30.356,74.750,1
1100,2026-03-20T01:16:30.436,74.471,1
1101,2026-03-20T01:16:30.515,73.793,1
1102,2026-03-20T01:16:30.596,75.588,1
1103,2026-03-20T01:16:30.674,73.869,1
1104,2026-03-20T01:16:30.753,73.870,1
1105,2026-03-20T01:16:30.829,70.580,1
1106,2026-03-20T01:16:30.905,70.460,1
1107,2026-03-20T01:16:30.979,68.798,1
1108,2026-03-20T01:16:31.058,73.694,1
1109,2026-03-20T01:16:31.135,71.863,1
1110,2026-03-20T01:16:31.213,73.327,1
1111,2026-03-20T01:16:31.292,73.120,1
1112,2026-03-20T01:16:31.370,72.074,1
1113,2026-03-20T01:16:31.444,69.379,1
1114,2026-03-20T01:16:31.522,73.486,1
1115,2026-03-20T01:16:31.598,70.189,1
1116,2026-03-20T01:16:31.673,69.579,1
1117,2026-03-20T01:16:31.749,71.431,1
1118,2026-03-20T01:16:31.830,75.366,1
1119,2026-03-20T01:16:31.906,70.732,1
1120,2026-03-20T01:16:31.985,73.512,1
1121,2026-03-20T01:16:32.064,74.456,1
1122,2026-03-20T01:16:32.149,79.272,1
1123,2026-03-20T01:16:32.224,70.214,1
1124,2026-03-20T01:16:32.308,77.899,1
1125,2026-03-20T01:16:32.385,72.632,1
1126,2026-03-20T01:16:32.463,71.395,1
1127,2026-03-20T01:16:32.546,77.778,1
1128,2026-03-20T01:16:32.623,72.379,1
1129,2026-03-20T01:16:32.697,68.602,1
1130,2026-03-20T01:16:32.773,71.318,1
1131,2026-03-20T01:16:32.852,73.015,1
1132,2026-03-20T01:16:32.927,71.007,1
1133,2026-03-20T01:16:33.007,74.335,1
1134,2026-03-20T01:16:33.080,67.821,1
1135,2026-03-20T01:16:33.158,72.450,1
1136,2026-03-20T01:16:33.238,74.785,1
1137,2026-03-20T01:16:33.312,69.639,1
1138,2026-03-20T01:16:33.388,71.156,1
1139,2026-03-20T01:16:33.463,69.631,1
1140,2026-03-20T01:16:33.539,69.997,1
1141,2026-03-20T01:16:33.614,70.045,1
1142,2026-03-20T01:16:33.689,69.554,1
1143,2026-03-20T01:16:33.765,71.641,1
1144,2026-03-20T01:16:33.844,74.013,1
1145,2026-03-20T01:16:33.920,71.157,1
1146,2026-03-20T01:16:33.997,71.809,1
1147,2026-03-20T01:16:34.071,68.624,1
1148,2026-03-20T01:16:34.150,74.038,1
1149,2026-03-20T01:16:34.230,74.460,1
1150,2026-03-20T01:16:34.304,69.325,1
1151,2026-03-20T01:16:34.388,77.838,1
1152,2026-03-20T01:16:34.460,67.304,1
1153,2026-03-20T01:16:34.539,73.518,1
1154,2026-03-20T01:16:34.613,70.302,1
1155,2026-03-20T01:16:34.686,67.502,1
1156,2026-03-20T01:16:34.764,73.734,1
1157,2026-03-20T01:16:34.838,68.149,1
1158,2026-03-20T01:16:34.915,71.305,1
1159,2026-03-20T01:16:34.991,70.823,1
1160,2026-03-20T01:16:35.072,76.292,1
1161,2026-03-20T01:16:35.156,77.124,1
1162,2026-03-20T01:16:35.236,73.880,1
1163,2026-03-20T01:16:35.316,75.777,1
1164,2026-03-20T01:16:35.391,69.589,1
1165,2026-03-20T01:16:35.467,71.156,1
1166,2026-03-20T01:16:35.546,73.749,1
1167,2026-03-20T01:16:35.624,74.073,1
1168,2026-03-20T01:16:35.699,69.340,1
1169,2026-03-20T01:16:35.776,72.564,1
1170,2026-03-20T01:16:35.855,74.394,1
1171,2026-03-20T01:16:35.933,71.922,1
1172,2026-03-20T01:16:36.009,71.024,1
1173,2026-03-20T01:16:36.088,73.602,1
1174,2026-03-20T01:16:36.171,77.780,1
1175,2026-03-20T01:16:36.249,72.966,1
1176,2026-03-20T01:16:36.331,76.628,1
1177,2026-03-20T01:16:36.409,73.394,1
1178,2026-03-20T01:16:36.485,68.813,1
1179,2026-03-20T01:16:36.565,75.131,1
1180,2026-03-20T01:16:36.642,71.714,1
1181,2026-03-20T01:16:36.725,77.594,1
1182,2026-03-20T01:16:36.801,69.474,1
1183,2026-03-20T01:16:36.880,73.896,1
1184,2026-03-20T01:16:36.959,74.062,1
1185,2026-03-20T01:16:37.040,76.194,1
1186,2026-03-20T01:16:37.127,80.640,1
1187,2026-03-20T01:16:37.210,77.216,1
1188,2026-03-20T01:16:37.296,80.832,1
1189,2026-03-20T01:16:37.377,75.678,1
1190,2026-03-20T01:16:37.457,75.064,1
1191,2026-03-20T01:16:37.536,72.560,1
1192,2026-03-20T01:16:37.613,71.616,1
1193,2026-03-20T01:16:37.686,68.469,1
1194,2026-03-20T01:16:37.759,67.614,1
1195,2026-03-20T01:16:37.837,72.630,1
1196,2026-03-20T01:16:37.914,71.827,1
1197,2026-03-20T01:16:37.994,75.726,1
1198,2026-03-20T01:16:38.071,71.246,1
1199,2026-03-20T01:16:38.155,79.548,1
1200,2026-03-20T01:16:38.232,71.045,1
1201,2026-03-20T01:16:38.310,72.041,1
1202,2026-03-20T01:16:38.385,69.959,1
1203,2026-03-20T01:16:38.467,77.864,1
1204,2026-03-20T01:16:38.547,73.894,1
1205,2026-03-20T01:16:38.630,78.462,1
1206,2026-03-20T01:16:38.705,69.345,1
1207,2026-03-20T01:16:38.782,72.631,1
1208,2026-03-20T01:16:38.866,78.306,1
1209,2026-03-20T01:16:38.944,72.930,1
1210,2026-03-20T01:16:39.026,76.963,1
1211,2026-03-20T01:16:39.104,72.638,1
1212,2026-03-20T01:16:39.185,75.011,1
1213,2026-03-20T01:16:39.267,76.842,1
1214,2026-03-20T01:16:39.346,73.260,1
1215,2026-03-20T01:16:39.425,74.802,1
1216,2026-03-20T01:16:39.510,80.010,1
1217,2026-03-20T01:16:39.593,76.676,1
1218,2026-03-20T01:16:39.670,72.237,1
1219,2026-03-20T01:16:39.751,76.178,1
1220,2026-03-20T01:16:39.830,74.175,1
1221,2026-03-20T01:16:39.903,67.224,1
1222,2026-03-20T01:16:39.980,72.567,1
1223,2026-03-20T01:16:40.058,71.573,1
1224,2026-03-20T01:16:40.138,75.850,1
1225,2026-03-20T01:16:40.213,69.980,1
1226,2026-03-20T01:16:40.293,74.522,1
1227,2026-03-20T01:16:40.367,69.196,1
1228,2026-03-20T01:16:40.448,75.952,1
1229,2026-03-20T01:16:40.532,76.859,1
1230,2026-03-20T01:16:40.611,74.130,1
1231,2026-03-20T01:16:40.688,71.983,1
1232,2026-03-20T01:16:40.769,74.325,1
1233,2026-03-20T01:16:40.846,72.647,1
1234,2026-03-20T01:16:40.928,75.984,1
1235,2026-03-20T01:16:41.005,72.029,1
1236,2026-03-20T01:16:41.084,73.191,1
1237,2026-03-20T01:16:41.167,78.276,1
1238,2026-03-20T01:16:41.254,82.451,1
1239,2026-03-20T01:16:41.337,77.783,1
1240,2026-03-20T01:16:41.414,71.010,1
1241,2026-03-20T01:16:41.488,68.071,1
1242,2026-03-20T01:16:41.571,77.926,1
1243,2026-03-20T01:16:41.649,72.644,1
1244,2026-03-20T01:16:41.722,67.748,1
1245,2026-03-20T01:16:41.794,66.841,1
1246,2026-03-20T01:16:41.868,68.837,1
1247,2026-03-20T01:16:41.948,75.501,1
1248,2026-03-20T01:16:42.022,69.314,1
1249,2026-03-20T01:16:42.104,75.642,1
1250,2026-03-20T01:16:42.188,76.810,1
1251,2026-03-20T01:16:42.276,82.126,1
1252,2026-03-20T01:16:42.358,76.509,1
1253,2026-03-20T01:16:42.432,68.393,1
1254,2026-03-20T01:16:42.513,76.355,1
1255,2026-03-20T01:16:42.594,76.286,1
1256,2026-03-20T01:16:42.670,71.122,1
1257,2026-03-20T01:16:42.748,72.145,1
1258,2026-03-20T01:16:42.822,68.873,1
1259,2026-03-20T01:16:42.902,74.445,1
1260,2026-03-20T01:16:42.987,80.344,1
1261,2026-03-20T01:16:43.064,71.143,1
1262,2026-03-20T01:16:43.147,77.214,1
1263,2026-03-20T01:16:43.225,72.830,1
1264,2026-03-20T01:16:43.304,72.970,1
1265,2026-03-20T01:16:43.384,74.602,1
1266,2026-03-20T01:16:43.464,74.902,1
1267,2026-03-20T01:16:43.542,72.485,1
1268,2026-03-20T01:16:43.618,70.472,1
1269,2026-03-20T01:16:43.698,74.118,1
1270,2026-03-20T01:16:43.778,74.783,1
1271,2026-03-20T01:16:43.859,74.922,1
1272,2026-03-20T01:16:43.939,74.566,1
1273,2026-03-20T01:16:44.020,76.013,1
1274,2026-03-20T01:16:44.103,78.576,1
1275,2026-03-20T01:16:44.181,71.177,1
1276,2026-03-20T01:16:44.260,74.500,1
1277,2026-03-20T01:16:44.341,74.356,1
1278,2026-03-20T01:16:44.418,72.797,1
1279,2026-03-20T01:16:44.489,65.104,1
1280,2026-03-20T01:16:44.559,64.918,1
1281,2026-03-20T01:16:44.630,66.032,1
1282,2026-03-20T01:16:44.704,69.516,1
1283,2026-03-20T01:16:44.779,70.633,1
1284,2026-03-20T01:16:44.852,67.648,1
1285,2026-03-20T01:16:44.930,72.817,1
1286,2026-03-20T01:16:45.004,68.516,1
1287,2026-03-20T01:16:45.087,76.604,1
1288,2026-03-20T01:16:45.169,76.064,1
1289,2026-03-20T01:16:45.242,68.607,1
1290,2026-03-20T01:16:45.320,73.338,1
1291,2026-03-20T01:16:45.397,70.161,1
1292,2026-03-20T01:16:45.473,70.779,1
1293,2026-03-20T01:16:45.554,75.938,1
1294,2026-03-20T01:16:45.629,70.246,1
1295,2026-03-20T01:16:45.703,67.798,1
1296,2026-03-20T01:16:45.779,70.817,1
1297,2026-03-20T01:16:45.855,70.812,1
1298,2026-03-20T01:16:45.932,71.911,1
1299,2026-03-20T01:16:46.009,70.847,1
1300,2026-03-20T01:16:46.090,75.351,1
1301,2026-03-20T01:16:46.167,72.173,1
1302,2026-03-20T01:16:46.241,68.355,1
1303,2026-03-20T01:16:46.315,69.263,1
1304,2026-03-20T01:16:46.393,72.745,1
1305,2026-03-20T01:16:46.467,68.994,1
1306,2026-03-20T01:16:46.536,62.747,1
1307,2026-03-20T01:16:46.608,67.487,1
1308,2026-03-20T01:16:46.677,64.099,1
1309,2026-03-20T01:16:46.748,66.220,1
1310,2026-03-20T01:16:46.823,70.009,1
1311,2026-03-20T01:16:46.899,70.898,1
1312,2026-03-20T01:16:46.975,71.385,1
1313,2026-03-20T01:16:47.048,67.063,1
1314,2026-03-20T01:16:47.116,63.600,1
1315,2026-03-20T01:16:47.191,69.131,1
1316,2026-03-20T01:16:47.263,66.245,1
1317,2026-03-20T01:16:47.335,67.008,1
1318,2026-03-20T01:16:47.413,72.233,1
1319,2026-03-20T01:16:47.489,71.545,1
1320,2026-03-20T01:16:47.569,73.929,1
1321,2026-03-20T01:16:47.645,71.216,1
1322,2026-03-20T01:16:47.721,71.045,1
1323,2026-03-20T01:16:47.796,69.263,1
1324,2026-03-20T01:16:47.872,71.330,1
1325,2026-03-20T01:16:47.950,73.501,1
1326,2026-03-20T01:16:48.032,76.419,1
1327,2026-03-20T01:16:48.107,70.355,1
1328,2026-03-20T01:16:48.186,72.666,1
1329,2026-03-20T01:16:48.263,70.656,1
1330,2026-03-20T01:16:48.340,71.988,1
1331,2026-03-20T01:16:48.417,71.623,1
1332,2026-03-20T01:16:48.492,70.418,1
1333,2026-03-20T01:16:48.574,75.901,1
1334,2026-03-20T01:16:48.650,70.586,1
1335,2026-03-20T01:16:48.730,75.490,1
1336,2026-03-20T01:16:48.804,68.697,1
1337,2026-03-20T01:16:48.881,71.230,1
1338,2026-03-20T01:16:48.956,69.676,1
1339,2026-03-20T01:16:49.031,70.023,1
1340,2026-03-20T01:16:49.110,73.623,1
1341,2026-03-20T01:16:49.190,75.318,1
1342,2026-03-20T01:16:49.269,72.675,1
1343,2026-03-20T01:16:49.345,70.970,1
1344,2026-03-20T01:16:49.421,70.721,1
1345,2026-03-20T01:16:49.499,72.480,1
1346,2026-03-20T01:16:49.574,70.884,1
1347,2026-03-20T01:16:49.659,80.316,1
1348,2026-03-20T01:16:49.739,73.678,1
1349,2026-03-20T01:16:49.814,70.990,1
1350,2026-03-20T01:16:49.892,73.174,1
1351,2026-03-20T01:16:49.971,73.528,1
1352,2026-03-20T01:16:50.047,71.471,1
1353,2026-03-20T01:16:50.124,71.400,1
1354,2026-03-20T01:16:50.205,75.294,1
1355,2026-03-20T01:16:50.289,78.889,1
1356,2026-03-20T01:16:50.369,74.832,1
1357,2026-03-20T01:16:50.445,70.691,1
1358,2026-03-20T01:16:50.527,76.686,1
1359,2026-03-20T01:16:50.603,70.682,1
1360,2026-03-20T01:16:50.678,69.823,1
1361,2026-03-20T01:16:50.756,72.428,1
1362,2026-03-20T01:16:50.834,72.781,1
1363,2026-03-20T01:16:50.914,75.114,1
1364,2026-03-20T01:16:50.987,68.822,1
1365,2026-03-20T01:16:51.066,73.820,1
1366,2026-03-20T01:16:51.144,72.677,1
1367,2026-03-20T01:16:51.223,74.231,1
1368,2026-03-20T01:16:51.298,68.573,1
1369,2026-03-20T01:16:51.371,68.720,1
1370,2026-03-20T01:16:51.456,79.090,1
1371,2026-03-20T01:16:51.537,74.114,1
1372,2026-03-20T01:16:51.613,71.178,1
1373,2026-03-20T01:16:51.692,73.213,1
1374,2026-03-20T01:16:51.769,71.532,1
1375,2026-03-20T01:16:51.848,73.882,1
1376,2026-03-20T01:16:51.930,77.098,1
1377,2026-03-20T01:16:52.008,72.392,1
1378,2026-03-20T01:16:52.088,74.313,1
1379,2026-03-20T01:16:52.172,77.944,1
1380,2026-03-20T01:16:52.248,70.068,1
1381,2026-03-20T01:16:52.330,76.972,1
1382,2026-03-20T01:16:52.410,71.751,1
1383,2026-03-20T01:16:52.486,70.874,1
1384,2026-03-20T01:16:52.562,71.491,1
1385,2026-03-20T01:16:52.637,69.941,1
1386,2026-03-20T01:16:52.711,69.597,1
1387,2026-03-20T01:16:52.782,65.494,1
1388,2026-03-20T01:16:52.854,66.778,1
1389,2026-03-20T01:16:52.925,65.832,1
1390,2026-03-20T01:16:53.000,69.990,1
1391,2026-03-20T01:16:53.076,67.232,1
1392,2026-03-20T01:16:53.154,73.655,1
1393,2026-03-20T01:16:53.231,70.930,1
1394,2026-03-20T01:16:53.309,73.218,1
1395,2026-03-20T01:16:53.389,74.255,1
1396,2026-03-20T01:16:53.460,66.403,1
1397,2026-03-20T01:16:53.539,73.889,1
1398,2026-03-20T01:16:53.613,69.064,1
1399,2026-03-20T01:16:53.696,77.799,1
1400,2026-03-20T01:16:53.773,71.793,1
1401,2026-03-20T01:16:53.854,75.320,1
1402,2026-03-20T01:16:53.931,72.366,1
1403,2026-03-20T01:16:54.012,75.803,1
1404,2026-03-20T01:16:54.086,70.014,1
1405,2026-03-20T01:16:54.166,75.253,1
1406,2026-03-20T01:16:54.245,73.443,1
1407,2026-03-20T01:16:54.320,69.999,1
1408,2026-03-20T01:16:54.403,76.387,1
1409,2026-03-20T01:16:54.480,69.795,1
1410,2026-03-20T01:16:54.556,70.002,1
1411,2026-03-20T01:16:54.635,72.834,1
1412,2026-03-20T01:16:54.710,69.420,1
1413,2026-03-20T01:16:54.788,72.203,1
1414,2026-03-20T01:16:54.865,71.583,1
1415,2026-03-20T01:16:54.942,72.665,1
1416,2026-03-20T01:16:55.021,73.968,1
1417,2026-03-20T01:16:55.097,70.739,1
1418,2026-03-20T01:16:55.179,77.523,1
1419,2026-03-20T01:16:55.262,77.387,1
1420,2026-03-20T01:16:55.347,79.640,1
1421,2026-03-20T01:16:55.425,72.720,1
1422,2026-03-20T01:16:55.505,74.529,1
1423,2026-03-20T01:16:55.579,68.571,1
1424,2026-03-20T01:16:55.658,73.965,1
1425,2026-03-20T01:16:55.734,70.492,1
1426,2026-03-20T01:16:55.809,70.780,1
1427,2026-03-20T01:16:55.887,71.375,1
1428,2026-03-20T01:16:55.961,69.394,1
1429,2026-03-20T01:16:56.040,73.485,1
1430,2026-03-20T01:16:56.114,69.672,1
1431,2026-03-20T01:16:56.195,74.580,1
1432,2026-03-20T01:16:56.275,75.818,1
1433,2026-03-20T01:16:56.363,82.502,1
1434,2026-03-20T01:16:56.448,77.459,1
1435,2026-03-20T01:16:56.527,72.912,1
1436,2026-03-20T01:16:56.610,77.861,1
1437,2026-03-20T01:16:56.687,71.629,1
1438,2026-03-20T01:16:56.762,70.463,1
1439,2026-03-20T01:16:56.842,73.234,1
1440,2026-03-20T01:16:56.921,73.853,1
1441,2026-03-20T01:16:57.001,73.817,1
1442,2026-03-20T01:16:57.080,73.382,1
1443,2026-03-20T01:16:57.161,75.534,1
1444,2026-03-20T01:16:57.239,72.392,1
1445,2026-03-20T01:16:57.320,75.725,1
1446,2026-03-20T01:16:57.396,70.266,1
1447,2026-03-20T01:16:57.467,66.848,1
1448,2026-03-20T01:16:57.544,71.626,1
1449,2026-03-20T01:16:57.620,71.010,1
1450,2026-03-20T01:16:57.694,69.021,1
1451,2026-03-20T01:16:57.776,76.761,1
1452,2026-03-20T01:16:57.853,72.115,1
1453,2026-03-20T01:16:57.929,70.261,1
1454,2026-03-20T01:16:58.002,68.494,1
1455,2026-03-20T01:16:58.076,69.199,1
1456,2026-03-20T01:16:58.154,73.181,1
1457,2026-03-20T01:16:58.234,74.735,1
1458,2026-03-20T01:16:58.311,71.856,1
1459,2026-03-20T01:16:58.389,72.652,1
1460,2026-03-20T01:16:58.472,78.581,1
1461,2026-03-20T01:16:58.546,68.888,1
1462,2026-03-20T01:16:58.620,68.944,1
1463,2026-03-20T01:16:58.697,71.239,1
1464,2026-03-20T01:16:58.773,70.773,1
1465,2026-03-20T01:16:58.850,71.972,1
1466,2026-03-20T01:16:58.929,74.148,1
1467,2026-03-20T01:16:59.010,75.751,1
1468,2026-03-20T01:16:59.088,70.947,1
1469,2026-03-20T01:16:59.164,70.820,1
1470,2026-03-20T01:16:59.236,67.255,1
1471,2026-03-20T01:16:59.312,70.921,1
1472,2026-03-20T01:16:59.389,72.274,1
1473,2026-03-20T01:16:59.469,73.591,1
1474,2026-03-20T01:16:59.545,70.153,1
1475,2026-03-20T01:16:59.625,74.637,1
1476,2026-03-20T01:16:59.704,74.531,1
1477,2026-03-20T01:16:59.781,72.868,1
1478,2026-03-20T01:16:59.861,74.008,1
1479,2026-03-20T01:16:59.937,71.484,1
1480,2026-03-20T01:17:00.018,75.154,1
1481,2026-03-20T01:17:00.093,69.308,1
1482,2026-03-20T01:17:00.171,73.226,1
1483,2026-03-20T01:17:00.247,70.789,1
1484,2026-03-20T01:17:00.329,76.500,1
1485,2026-03-20T01:17:00.412,78.046,1
1486,2026-03-20T01:17:00.488,70.694,1
1487,2026-03-20T01:17:00.562,68.695,1
1488,2026-03-20T01:17:00.637,70.440,1
1489,2026-03-20T01:17:00.714,71.131,1
1490,2026-03-20T01:17:00.789,69.774,1
1491,2026-03-20T01:17:00.868,72.774,1
1492,2026-03-20T01:17:00.941,67.623,1
1493,2026-03-20T01:17:01.016,69.436,1
1494,2026-03-20T01:17:01.094,72.903,1
1495,2026-03-20T01:17:01.173,74.142,1
1496,2026-03-20T01:17:01.255,76.445,1
1497,2026-03-20T01:17:01.338,78.598,1
1498,2026-03-20T01:17:01.412,68.574,1
1499,2026-03-20T01:17:01.488,70.935,1
1500,2026-03-20T01:17:01.566,73.626,1
1501,2026-03-20T01:17:01.647,75.327,1
1502,2026-03-20T01:17:01.729,76.994,1
1503,2026-03-20T01:17:01.814,79.398,1
1504,2026-03-20T01:17:01.896,76.847,1
1505,2026-03-20T01:17:01.970,69.731,1
1506,2026-03-20T01:17:02.054,78.038,1
1507,2026-03-20T01:17:02.137,77.594,1
1508,2026-03-20T01:17:02.220,77.809,1
1509,2026-03-20T01:17:02.304,77.536,1
1510,2026-03-20T01:17:02.380,71.253,1
1511,2026-03-20T01:17:02.460,74.426,1
1512,2026-03-20T01:17:02.536,71.521,1
1513,2026-03-20T01:17:02.614,71.698,1
1514,2026-03-20T01:17:02.685,66.707,1
1515,2026-03-20T01:17:02.764,73.196,1
1516,2026-03-20T01:17:02.841,71.753,1
1517,2026-03-20T01:17:02.914,68.458,1
1518,2026-03-20T01:17:02.993,73.385,1
1519,2026-03-20T01:17:03.073,74.966,1
1520,2026-03-20T01:17:03.153,74.923,1
1521,2026-03-20T01:17:03.231,72.550,1
1522,2026-03-20T01:17:03.306,69.414,1
1523,2026-03-20T01:17:03.379,68.771,1
1524,2026-03-20T01:17:03.457,73.017,1
1525,2026-03-20T01:17:03.533,70.610,1
1526,2026-03-20T01:17:03.611,72.473,1
1527,2026-03-20T01:17:03.688,71.749,1
1528,2026-03-20T01:17:03.764,71.257,1
1529,2026-03-20T01:17:03.842,72.236,1
1530,2026-03-20T01:17:03.914,66.449,1
1531,2026-03-20T01:17:03.997,76.462,1
1532,2026-03-20T01:17:04.072,70.427,1
1533,2026-03-20T01:17:04.152,74.966,1
1534,2026-03-20T01:17:04.234,76.982,1
1535,2026-03-20T01:17:04.312,72.275,1
1536,2026-03-20T01:17:04.389,71.130,1
1537,2026-03-20T01:17:04.466,71.872,1
1538,2026-03-20T01:17:04.544,71.912,1
1539,2026-03-20T01:17:04.626,77.823,1
1540,2026-03-20T01:17:04.710,78.532,1
1541,2026-03-20T01:17:04.788,72.193,1
1542,2026-03-20T01:17:04.865,71.583,1
1543,2026-03-20T01:17:04.940,70.487,1
1544,2026-03-20T01:17:05.021,76.083,1
1545,2026-03-20T01:17:05.100,74.073,1
1546,2026-03-20T01:17:05.180,74.353,1
1547,2026-03-20T01:17:05.256,70.192,1
1548,2026-03-20T01:17:05.332,71.353,1
1549,2026-03-20T01:17:05.409,71.673,1
1550,2026-03-20T01:17:05.485,70.941,1
1551,2026-03-20T01:17:05.563,72.741,1
1552,2026-03-20T01:17:05.643,75.192,1
1553,2026-03-20T01:17:05.718,69.088,1
1554,2026-03-20T01:17:05.793,70.810,1
1555,2026-03-20T01:17:05.872,74.188,1
1556,2026-03-20T01:17:05.947,69.229,1
1557,2026-03-20T01:17:06.023,71.718,1
1558,2026-03-20T01:17:06.105,75.971,1
1559,2026-03-20T01:17:06.183,73.150,1
1560,2026-03-20T01:17:06.261,72.688,1
1561,2026-03-20T01:17:06.341,73.886,1
1562,2026-03-20T01:17:06.421,74.882,1
1563,2026-03-20T01:17:06.501,75.533,1
1564,2026-03-20T01:17:06.579,72.258,1
1565,2026-03-20T01:17:06.656,71.434,1
1566,2026-03-20T01:17:06.730,69.597,1
1567,2026-03-20T01:17:06.807,71.557,1
1568,2026-03-20T01:17:06.889,76.431,1
1569,2026-03-20T01:17:06.971,77.057,1
1570,2026-03-20T01:17:07.060,84.048,1
1571,2026-03-20T01:17:07.145,78.813,1
1572,2026-03-20T01:17:07.229,79.085,1
1573,2026-03-20T01:17:07.312,76.878,1
1574,2026-03-20T01:17:07.392,74.179,1
1575,2026-03-20T01:17:07.473,76.245,1
1576,2026-03-20T01:17:07.548,69.688,1
1577,2026-03-20T01:17:07.627,73.880,1
1578,2026-03-20T01:17:07.705,72.154,1
1579,2026-03-20T01:17:07.781,70.288,1
1580,2026-03-20T01:17:07.858,72.497,1
1581,2026-03-20T01:17:07.941,76.673,1
1582,2026-03-20T01:17:08.022,75.811,1
1583,2026-03-20T01:17:08.104,76.661,1
1584,2026-03-20T01:17:08.188,77.836,1
1585,2026-03-20T01:17:08.268,74.425,1
1586,2026-03-20T01:17:08.347,74.052,1
1587,2026-03-20T01:17:08.425,72.710,1
1588,2026-03-20T01:17:08.502,72.234,1
1589,2026-03-20T01:17:08.578,70.666,1
1590,2026-03-20T01:17:08.654,70.737,1
1591,2026-03-20T01:17:08.735,75.620,1
1592,2026-03-20T01:17:08.811,70.117,1
1593,2026-03-20T01:17:08.887,71.749,1
1594,2026-03-20T01:17:08.964,71.033,1
1595,2026-03-20T01:17:09.046,76.927,1
1596,2026-03-20T01:17:09.122,70.133,1
1597,2026-03-20T01:17:09.199,72.202,1
1598,2026-03-20T01:17:09.281,76.287,1
1599,2026-03-20T01:17:09.362,75.026,1
1600,2026-03-20T01:17:09.437,69.376,1
1601,2026-03-20T01:17:09.512,70.287,1
1602,2026-03-20T01:17:09.585,68.008,1
1603,2026-03-20T01:17:09.663,73.010,1
1604,2026-03-20T01:17:09.738,69.321,1
1605,2026-03-20T01:17:09.814,71.694,1
1606,2026-03-20T01:17:09.889,69.192,1
1607,2026-03-20T01:17:09.959,65.312,1
1608,2026-03-20T01:17:10.040,75.265,1
1609,2026-03-20T01:17:10.116,71.665,1
1610,2026-03-20T01:17:10.191,68.817,1
1611,2026-03-20T01:17:10.255,59.990,1
1612,2026-03-20T01:17:10.333,73.304,1
1613,2026-03-20T01:17:10.407,68.681,1
1614,2026-03-20T01:17:10.485,72.889,1
1615,2026-03-20T01:17:10.563,72.567,1
1616,2026-03-20T01:17:10.638,69.954,1
1617,2026-03-20T01:17:10.717,73.683,1
1618,2026-03-20T01:17:10.791,68.668,1
1619,2026-03-20T01:17:10.869,73.192,1
1620,2026-03-20T01:17:10.947,73.153,1
1621,2026-03-20T01:17:11.021,68.272,1
1622,2026-03-20T01:17:11.096,69.789,1
1623,2026-03-20T01:17:11.174,72.566,1
1624,2026-03-20T01:17:11.247,68.419,1
1625,2026-03-20T01:17:11.320,68.518,1
1626,2026-03-20T01:17:11.395,69.743,1
1627,2026-03-20T01:17:11.472,71.429,1
1628,2026-03-20T01:17:11.547,70.205,1
1629,2026-03-20T01:17:11.621,69.078,1
1630,2026-03-20T01:17:11.696,70.275,1
1631,2026-03-20T01:17:11.770,68.972,1
1632,2026-03-20T01:17:11.846,69.637,1
1633,2026-03-20T01:17:11.922,70.860,1
1634,2026-03-20T01:17:11.996,69.547,1
1635,2026-03-20T01:17:12.077,75.098,1
1636,2026-03-20T01:17:12.157,74.104,1
1637,2026-03-20T01:17:12.239,75.982,1
1638,2026-03-20T01:17:12.321,75.371,1
1639,2026-03-20T01:17:12.397,70.371,1
1640,2026-03-20T01:17:12.481,78.605,1
1641,2026-03-20T01:17:12.557,69.846,1
1642,2026-03-20T01:17:12.636,73.484,1
1643,2026-03-20T01:17:12.712,70.730,1
1644,2026-03-20T01:17:12.788,71.015,1
1645,2026-03-20T01:17:12.869,75.994,1
1646,2026-03-20T01:17:12.952,77.896,1
1647,2026-03-20T01:17:13.032,74.688,1
1648,2026-03-20T01:17:13.105,68.221,1
1649,2026-03-20T01:17:13.182,71.638,1
1650,2026-03-20T01:17:13.261,72.746,1
1651,2026-03-20T01:17:13.341,74.763,1
1652,2026-03-20T01:17:13.417,71.031,1
1653,2026-03-20T01:17:13.491,68.087,1
1654,2026-03-20T01:17:13.565,69.735,1
1655,2026-03-20T01:17:13.648,78.386,1
1656,2026-03-20T01:17:13.728,74.663,1
1657,2026-03-20T01:17:13.806,73.233,1
1658,2026-03-20T01:17:13.886,73.929,1
1659,2026-03-20T01:17:13.966,75.355,1
1660,2026-03-20T01:17:14.047,74.727,1
1661,2026-03-20T01:17:14.123,71.214,1
1662,2026-03-20T01:17:14.202,74.107,1
1663,2026-03-20T01:17:14.286,79.188,1
1664,2026-03-20T01:17:14.360,68.179,1
1665,2026-03-20T01:17:14.438,73.393,1
1666,2026-03-20T01:17:14.519,75.839,1
1667,2026-03-20T01:17:14.604,78.828,1
1668,2026-03-20T01:17:14.685,75.427,1
1669,2026-03-20T01:17:14.767,77.035,1
1670,2026-03-20T01:17:14.846,73.490,1
1671,2026-03-20T01:17:14.928,76.398,1
1672,2026-03-20T01:17:15.012,79.085,1
1673,2026-03-20T01:17:15.094,75.555,1
1674,2026-03-20T01:17:15.177,77.804,1
1675,2026-03-20T01:17:15.257,74.394,1
1676,2026-03-20T01:17:15.340,77.459,1
1677,2026-03-20T01:17:15.418,72.538,1
1678,2026-03-20T01:17:15.492,68.209,1
1679,2026-03-20T01:17:15.570,72.978,1
1680,2026-03-20T01:17:15.650,75.360,1
1681,2026-03-20T01:17:15.735,79.404,1
1682,2026-03-20T01:17:15.813,71.611,1
1683,2026-03-20T01:17:15.890,72.142,1
1684,2026-03-20T01:17:15.970,75.653,1
1685,2026-03-20T01:17:16.047,71.943,1
1686,2026-03-20T01:17:16.127,74.466,1
1687,2026-03-20T01:17:16.209,77.363,1
1688,2026-03-20T01:17:16.292,77.170,1
1689,2026-03-20T01:17:16.371,74.201,1
1690,2026-03-20T01:17:16.444,68.080,1
1691,2026-03-20T01:17:16.521,70.800,1
1692,2026-03-20T01:17:16.601,74.732,1
1693,2026-03-20T01:17:16.681,75.471,1
1694,2026-03-20T01:17:16.756,70.225,1
1695,2026-03-20T01:17:16.836,75.410,1
1696,2026-03-20T01:17:16.913,71.186,1
1697,2026-03-20T01:17:16.989,70.467,1
1698,2026-03-20T01:17:17.065,71.449,1
1699,2026-03-20T01:17:17.149,78.007,1
1700,2026-03-20T01:17:17.228,73.929,1
1701,2026-03-20T01:17:17.313,79.104,1
1702,2026-03-20T01:17:17.397,77.413,1
1703,2026-03-20T01:17:17.476,73.865,1
1704,2026-03-20T01:17:17.557,76.300,1
1705,2026-03-20T01:17:17.637,74.657,1
1706,2026-03-20T01:17:17.714,71.057,1
1707,2026-03-20T01:17:17.794,73.869,1
1708,2026-03-20T01:17:17.873,74.534,1
1709,2026-03-20T01:17:17.953,75.353,1
1710,2026-03-20T01:17:18.032,73.818,1
1711,2026-03-20T01:17:18.108,71.447,1
1712,2026-03-20T01:17:18.187,72.924,1
1713,2026-03-20T01:17:18.264,72.515,1
1714,2026-03-20T01:17:18.339,69.365,1
1715,2026-03-20T01:17:18.411,66.976,1
1716,2026-03-20T01:17:18.487,71.425,1
1717,2026-03-20T01:17:18.571,78.495,1
1718,2026-03-20T01:17:18.651,74.679,1
1719,2026-03-20T01:17:18.729,72.441,1
1720,2026-03-20T01:17:18.804,70.112,1
1721,2026-03-20T01:17:18.877,67.652,1
1722,2026-03-20T01:17:18.954,72.073,1
1723,2026-03-20T01:17:19.028,68.312,1
1724,2026-03-20T01:17:19.105,71.975,1
1725,2026-03-20T01:17:19.188,77.043,1
1726,2026-03-20T01:17:19.267,73.182,1
1727,2026-03-20T01:17:19.344,72.096,1
1728,2026-03-20T01:17:19.422,72.585,1
1729,2026-03-20T01:17:19.498,71.433,1
1730,2026-03-20T01:17:19.581,77.985,1
1731,2026-03-20T01:17:19.662,76.112,1
1732,2026-03-20T01:17:19.737,69.858,1
1733,2026-03-20T01:17:19.813,71.516,1
1734,2026-03-20T01:17:19.896,77.976,1
1735,2026-03-20T01:17:19.971,69.360,1
1736,2026-03-20T01:17:20.049,72.398,1
1737,2026-03-20T01:17:20.129,74.250,1
1738,2026-03-20T01:17:20.211,75.485,1
1739,2026-03-20T01:17:20.290,74.372,1
1740,2026-03-20T01:17:20.370,74.325,1
1741,2026-03-20T01:17:20.444,68.690,1
1742,2026-03-20T01:17:20.520,71.332,1
1743,2026-03-20T01:17:20.593,68.075,1
1744,2026-03-20T01:17:20.667,69.330,1
1745,2026-03-20T01:17:20.744,72.168,1
1746,2026-03-20T01:17:20.820,70.698,1
1747,2026-03-20T01:17:20.896,71.474,1
1748,2026-03-20T01:17:20.971,70.061,1
1749,2026-03-20T01:17:21.049,73.495,1
1750,2026-03-20T01:17:21.126,71.336,1
1751,2026-03-20T01:17:21.202,71.575,1
1752,2026-03-20T01:17:21.282,74.601,1
1753,2026-03-20T01:17:21.353,66.506,1
1754,2026-03-20T01:17:21.433,75.400,1
1755,2026-03-20T01:17:21.507,68.026,1
1756,2026-03-20T01:17:21.585,73.755,1
1757,2026-03-20T01:17:21.661,70.486,1
1758,2026-03-20T01:17:21.741,74.562,1
1759,2026-03-20T01:17:21.824,77.084,1
1760,2026-03-20T01:17:21.905,76.218,1
1761,2026-03-20T01:17:21.986,75.842,1
1762,2026-03-20T01:17:22.080,88.872,1
1763,2026-03-20T01:17:22.164,78.277,1
1764,2026-03-20T01:17:22.249,77.316,1
1765,2026-03-20T01:17:22.337,81.648,1
1766,2026-03-20T01:17:22.410,68.016,1
1767,2026-03-20T01:17:22.489,74.485,1
1768,2026-03-20T01:17:22.566,72.423,1
1769,2026-03-20T01:17:22.646,75.300,1
1770,2026-03-20T01:17:22.729,76.992,1
1771,2026-03-20T01:17:22.807,73.259,1
1772,2026-03-20T01:17:22.890,76.743,1
1773,2026-03-20T01:17:22.972,76.611,1
1774,2026-03-20T01:17:23.046,69.785,1
1775,2026-03-20T01:17:23.125,73.206,1
1776,2026-03-20T01:17:23.204,73.411,1
1777,2026-03-20T01:17:23.283,73.982,1
1778,2026-03-20T01:17:23.363,74.913,1
1779,2026-03-20T01:17:23.446,78.505,1
1780,2026-03-20T01:17:23.527,75.573,1
1781,2026-03-20T01:17:23.604,72.003,1
1782,2026-03-20T01:17:23.678,69.124,1
1783,2026-03-20T01:17:23.756,73.189,1
1784,2026-03-20T01:17:23.841,79.910,1
1785,2026-03-20T01:17:23.921,74.224,1
1786,2026-03-20T01:17:24.000,73.895,1
1787,2026-03-20T01:17:24.079,73.848,1
1788,2026-03-20T01:17:24.152,67.720,1
1789,2026-03-20T01:17:24.232,75.543,1
1790,2026-03-20T01:17:24.313,75.617,1
1791,2026-03-20T01:17:24.396,77.484,1
1792,2026-03-20T01:17:24.475,74.106,1
1793,2026-03-20T01:17:24.555,75.064,1
1794,2026-03-20T01:17:24.632,71.733,1
1795,2026-03-20T01:17:24.711,74.399,1
1796,2026-03-20T01:17:24.788,72.705,1
1797,2026-03-20T01:17:24.864,70.115,1
1798,2026-03-20T01:17:24.947,77.278,1
1799,2026-03-20T01:17:25.029,77.517,1
1800,2026-03-20T01:17:25.109,73.919,1
1801,2026-03-20T01:17:25.190,74.349,1
1802,2026-03-20T01:17:25.271,76.936,1
1803,2026-03-20T01:17:25.355,77.901,1
1804,2026-03-20T01:17:25.436,76.513,1
1805,2026-03-20T01:17:25.516,74.637,1
1806,2026-03-20T01:17:25.593,71.852,1
1807,2026-03-20T01:17:25.671,73.373,1
1808,2026-03-20T01:17:25.753,76.399,1
1809,2026-03-20T01:17:25.827,68.763,1
1810,2026-03-20T01:17:25.910,78.262,1
1811,2026-03-20T01:17:25.987,70.981,1
1812,2026-03-20T01:17:26.060,68.496,1
1813,2026-03-20T01:17:26.139,72.639,1
1814,2026-03-20T01:17:26.219,74.799,1
1815,2026-03-20T01:17:26.295,70.621,1
1816,2026-03-20T01:17:26.371,70.353,1
1817,2026-03-20T01:17:26.449,73.807,1
1818,2026-03-20T01:17:26.525,71.178,1
1819,2026-03-20T01:17:26.604,73.652,1
1820,2026-03-20T01:17:26.676,65.865,1
1821,2026-03-20T01:17:26.755,74.393,1
1822,2026-03-20T01:17:26.840,80.308,1
1823,2026-03-20T01:17:26.920,74.723,1
1824,2026-03-20T01:17:26.998,72.604,1
1825,2026-03-20T01:17:27.079,75.825,1
1826,2026-03-20T01:17:27.163,78.740,1
1827,2026-03-20T01:17:27.240,71.509,1
1828,2026-03-20T01:17:27.327,81.708,1
1829,2026-03-20T01:17:27.410,77.326,1
1830,2026-03-20T01:17:27.487,72.423,1
1831,2026-03-20T01:17:27.567,75.180,1
1832,2026-03-20T01:17:27.640,67.989,1
1833,2026-03-20T01:17:27.722,76.796,1
1834,2026-03-20T01:17:27.798,71.120,1
1835,2026-03-20T01:17:27.871,67.578,1
1836,2026-03-20T01:17:27.951,74.433,1
1837,2026-03-20T01:17:28.029,73.470,1
1838,2026-03-20T01:17:28.105,70.152,1
1839,2026-03-20T01:17:28.188,78.680,1
1840,2026-03-20T01:17:28.265,71.635,1
1841,2026-03-20T01:17:28.348,78.037,1
1842,2026-03-20T01:17:28.429,75.616,1
1843,2026-03-20T01:17:28.507,72.588,1
1844,2026-03-20T01:17:28.588,75.952,1
1845,2026-03-20T01:17:28.669,75.621,1
1846,2026-03-20T01:17:28.748,73.916,1
1847,2026-03-20T01:17:28.828,74.188,1
1848,2026-03-20T01:17:28.908,75.505,1
1849,2026-03-20T01:17:28.990,74.959,1
1850,2026-03-20T01:17:29.070,74.860,1
1851,2026-03-20T01:17:29.147,72.759,1
1852,2026-03-20T01:17:29.225,72.580,1
1853,2026-03-20T01:17:29.303,72.912,1
1854,2026-03-20T01:17:29.380,72.131,1
1855,2026-03-20T01:17:29.455,70.400,1
1856,2026-03-20T01:17:29.530,70.123,1
1857,2026-03-20T01:17:29.613,77.799,1
1858,2026-03-20T01:17:29.692,73.337,1
1859,2026-03-20T01:17:29.772,74.484,1
1860,2026-03-20T01:17:29.860,81.990,1
1861,2026-03-20T01:17:29.948,83.608,1
1862,2026-03-20T01:17:30.039,85.138,1
1863,2026-03-20T01:17:30.137,91.934,1
1864,2026-03-20T01:17:30.318,172.374,1
1865,2026-03-20T01:17:30.846,508.533,1
1866,2026-03-20T01:17:31.342,478.704,1
1867,2026-03-20T01:17:31.816,455.712,1
1868,2026-03-20T01:17:32.268,433.241,1
1869,2026-03-20T01:17:32.771,463.364,1
1870,2026-03-20T01:17:33.223,427.415,1
1871,2026-03-20T01:17:33.685,444.645,1
1872,2026-03-20T01:17:34.229,527.944,1
1873,2026-03-20T01:17:34.675,431.907,1
1874,2026-03-20T01:17:35.207,511.861,1
1875,2026-03-20T01:17:35.353,124.811,1
1876,2026-03-20T01:17:35.457,97.753,1
1877,2026-03-20T01:17:35.573,111.357,1
1878,2026-03-20T01:17:35.812,232.730,1
1879,2026-03-20T01:17:36.014,184.492,1
1880,2026-03-20T01:17:36.112,92.328,1
1881,2026-03-20T01:17:36.213,95.024,1
1882,2026-03-20T01:17:36.320,101.062,1
1883,2026-03-20T01:17:36.400,73.730,1
1884,2026-03-20T01:17:36.486,80.913,1
1885,2026-03-20T01:17:36.567,76.191,1
1886,2026-03-20T01:17:36.658,85.152,1
1887,2026-03-20T01:17:36.750,86.467,1
1888,2026-03-20T01:17:36.849,92.990,1
1889,2026-03-20T01:17:36.942,85.936,1
1890,2026-03-20T01:17:37.044,96.207,1
1891,2026-03-20T01:17:37.139,89.284,1
1892,2026-03-20T01:17:37.231,84.644,1
1893,2026-03-20T01:17:37.325,89.063,1
1894,2026-03-20T01:17:37.416,85.408,1
1895,2026-03-20T01:17:37.512,90.020,1
1896,2026-03-20T01:17:37.604,86.412,1
1897,2026-03-20T01:17:37.693,83.853,1
1898,2026-03-20T01:17:37.781,81.886,1
1899,2026-03-20T01:17:37.862,75.241,1
1900,2026-03-20T01:17:37.936,67.928,1
1901,2026-03-20T01:17:38.007,66.810,1
1902,2026-03-20T01:17:38.081,68.359,1
1903,2026-03-20T01:17:38.156,70.374,1
1904,2026-03-20T01:17:38.232,71.239,1
1905,2026-03-20T01:17:38.312,74.399,1
1906,2026-03-20T01:17:38.388,71.249,1
1907,2026-03-20T01:17:38.465,71.122,1
1908,2026-03-20T01:17:38.545,73.930,1
1909,2026-03-20T01:17:38.623,72.966,1
1910,2026-03-20T01:17:38.700,71.552,1
1911,2026-03-20T01:17:38.776,69.711,1
1912,2026-03-20T01:17:38.857,75.726,1
1913,2026-03-20T01:17:38.934,72.029,1
1914,2026-03-20T01:17:39.011,71.545,1
1915,2026-03-20T01:17:39.087,70.129,1
1916,2026-03-20T01:17:39.162,69.619,1
1917,2026-03-20T01:17:39.242,75.423,1
1918,2026-03-20T01:17:39.322,74.312,1
1919,2026-03-20T01:17:39.398,71.910,1
1920,2026-03-20T01:17:39.480,77.016,1
1921,2026-03-20T01:17:39.559,73.689,1
1922,2026-03-20T01:17:39.637,72.129,1
1923,2026-03-20T01:17:39.718,75.622,1
1924,2026-03-20T01:17:39.792,69.163,1
1925,2026-03-20T01:17:39.868,70.498,1
1926,2026-03-20T01:17:39.946,72.109,1
1927,2026-03-20T01:17:40.028,75.666,1
1928,2026-03-20T01:17:40.109,76.618,1
1929,2026-03-20T01:17:40.188,73.225,1
1930,2026-03-20T01:17:40.270,76.912,1
1931,2026-03-20T01:17:40.348,72.296,1
1932,2026-03-20T01:17:40.425,70.785,1
1933,2026-03-20T01:17:40.504,73.568,1
1934,2026-03-20T01:17:40.587,77.998,1
1935,2026-03-20T01:17:40.667,74.929,1
1936,2026-03-20T01:17:40.751,77.369,1
1937,2026-03-20T01:17:40.828,71.189,1
1938,2026-03-20T01:17:40.917,82.459,1
1939,2026-03-20T01:17:41.003,80.050,1
1940,2026-03-20T01:17:41.090,81.418,1
1941,2026-03-20T01:17:41.174,77.989,1
1942,2026-03-20T01:17:41.256,76.334,1
1943,2026-03-20T01:17:41.336,74.400,1
1944,2026-03-20T01:17:41.421,78.418,1
1945,2026-03-20T01:17:41.502,76.520,1
1946,2026-03-20T01:17:41.579,71.354,1
1947,2026-03-20T01:17:41.655,71.369,1
1948,2026-03-20T01:17:41.733,71.620,1
1949,2026-03-20T01:17:41.809,69.712,1
1950,2026-03-20T01:17:41.882,68.810,1
1951,2026-03-20T01:17:41.971,83.072,1
1952,2026-03-20T01:17:42.052,76.300,1
1953,2026-03-20T01:17:42.138,80.097,1
1954,2026-03-20T01:17:42.220,75.892,1
1955,2026-03-20T01:17:42.299,73.685,1
1956,2026-03-20T01:17:42.378,72.771,1
1957,2026-03-20T01:17:42.455,71.982,1
1958,2026-03-20T01:17:42.528,67.528,1
1959,2026-03-20T01:17:42.610,75.811,1
1960,2026-03-20T01:17:42.687,71.503,1
1961,2026-03-20T01:17:42.766,73.994,1
1962,2026-03-20T01:17:42.842,71.322,1
1963,2026-03-20T01:17:42.916,69.290,1
1964,2026-03-20T01:17:42.993,72.181,1
1965,2026-03-20T01:17:43.066,67.921,1
1966,2026-03-20T01:17:43.142,71.006,1
1967,2026-03-20T01:17:43.226,77.014,1
1968,2026-03-20T01:17:43.299,68.314,1
1969,2026-03-20T01:17:43.383,78.390,1
1970,2026-03-20T01:17:43.460,71.081,1
1971,2026-03-20T01:17:43.536,71.256,1
1972,2026-03-20T01:17:43.617,75.409,1
1973,2026-03-20T01:17:43.694,72.757,1
1974,2026-03-20T01:17:43.779,77.507,1
1975,2026-03-20T01:17:43.854,70.076,1
1976,2026-03-20T01:17:43.932,72.176,1
1977,2026-03-20T01:17:44.017,79.961,1
1978,2026-03-20T01:17:44.093,70.778,1
1979,2026-03-20T01:17:44.171,73.873,1
1980,2026-03-20T01:17:44.252,76.044,1
1981,2026-03-20T01:17:44.332,73.088,1
1982,2026-03-20T01:17:44.406,68.690,1
1983,2026-03-20T01:17:44.489,77.473,1
1984,2026-03-20T01:17:44.563,68.562,1
1985,2026-03-20T01:17:44.642,74.500,1
1986,2026-03-20T01:17:44.725,77.825,1
1987,2026-03-20T01:17:44.803,72.531,1
1988,2026-03-20T01:17:44.884,75.560,1
1989,2026-03-20T01:17:44.963,75.000,1
1990,2026-03-20T01:17:45.045,76.245,1
1991,2026-03-20T01:17:45.121,71.198,1
1992,2026-03-20T01:17:45.196,70.091,1
1993,2026-03-20T01:17:45.274,72.500,1
1994,2026-03-20T01:17:45.352,72.606,1
1995,2026-03-20T01:17:45.430,73.246,1
1996,2026-03-20T01:17:45.510,75.171,1
1997,2026-03-20T01:17:45.587,71.224,1
1998,2026-03-20T01:17:45.664,72.156,1
1999,2026-03-20T01:17:45.742,72.450,1
2000,2026-03-20T01:17:45.817,69.706,1
2001,2026-03-20T01:17:45.893,71.736,1
2002,2026-03-20T01:17:45.975,76.982,1
2003,2026-03-20T01:17:46.058,77.375,1
2004,2026-03-20T01:17:46.137,73.119,1
2005,2026-03-20T01:17:46.215,72.892,1
2006,2026-03-20T01:17:46.299,77.501,1
2007,2026-03-20T01:17:46.381,76.833,1
2008,2026-03-20T01:17:46.459,71.300,1
2009,2026-03-20T01:17:46.537,73.248,1
2010,2026-03-20T01:17:46.619,76.339,1
2011,2026-03-20T01:17:46.696,71.959,1
2012,2026-03-20T01:17:46.770,69.350,1
2013,2026-03-20T01:17:46.854,79.328,1
2014,2026-03-20T01:17:46.928,68.452,1
2015,2026-03-20T01:17:47.004,71.024,1
2016,2026-03-20T01:17:47.081,71.727,1
2017,2026-03-20T01:17:47.157,70.780,1
2018,2026-03-20T01:17:47.237,74.079,1
2019,2026-03-20T01:17:47.313,71.078,1
2020,2026-03-20T01:17:47.396,77.983,1
2021,2026-03-20T01:17:47.476,74.154,1
2022,2026-03-20T01:17:47.555,74.561,1
2023,2026-03-20T01:17:47.635,74.229,1
2024,2026-03-20T01:17:47.720,79.602,1
2025,2026-03-20T01:17:47.796,71.317,1
2026,2026-03-20T01:17:47.873,72.388,1
2027,2026-03-20T01:17:47.944,66.562,1
2028,2026-03-20T01:17:48.021,71.215,1
2029,2026-03-20T01:17:48.098,70.582,1
2030,2026-03-20T01:17:48.199,95.372,1
2031,2026-03-20T01:17:48.291,85.963,1
2032,2026-03-20T01:17:48.376,79.242,1
2033,2026-03-20T01:17:48.463,81.554,1
2034,2026-03-20T01:17:48.544,76.706,1
2035,2026-03-20T01:17:48.622,71.508,1
2036,2026-03-20T01:17:48.698,71.231,1
2037,2026-03-20T01:17:48.771,68.333,1
2038,2026-03-20T01:17:48.847,70.679,1
2039,2026-03-20T01:17:48.923,69.760,1
2040,2026-03-20T01:17:49.005,76.490,1
2041,2026-03-20T01:17:49.079,69.485,1
2042,2026-03-20T01:17:49.156,70.969,1
2043,2026-03-20T01:17:49.235,74.092,1
2044,2026-03-20T01:17:49.312,72.185,1
2045,2026-03-20T01:17:49.391,73.720,1
2046,2026-03-20T01:17:49.470,73.993,1
2047,2026-03-20T01:17:49.548,72.956,1
2048,2026-03-20T01:17:49.630,77.296,1
2049,2026-03-20T01:17:49.708,72.857,1
2050,2026-03-20T01:17:49.780,67.662,1
2051,2026-03-20T01:17:49.860,74.464,1
2052,2026-03-20T01:17:49.938,73.032,1
2053,2026-03-20T01:17:50.016,72.844,1
2054,2026-03-20T01:17:50.096,74.261,1
2055,2026-03-20T01:17:50.180,77.905,1
2056,2026-03-20T01:17:50.262,77.270,1
2057,2026-03-20T01:17:50.343,74.562,1
2058,2026-03-20T01:17:50.421,73.779,1
2059,2026-03-20T01:17:50.497,71.215,1
2060,2026-03-20T01:17:50.574,72.290,1
2061,2026-03-20T01:17:50.650,70.751,1
2062,2026-03-20T01:17:50.731,75.913,1
2063,2026-03-20T01:17:50.806,70.351,1
2064,2026-03-20T01:17:50.887,75.056,1
2065,2026-03-20T01:17:50.964,72.185,1
2066,2026-03-20T01:17:51.043,73.712,1
2067,2026-03-20T01:17:51.118,70.217,1
2068,2026-03-20T01:17:51.196,72.618,1
2069,2026-03-20T01:17:51.275,73.797,1
2070,2026-03-20T01:17:51.348,68.742,1
2071,2026-03-20T01:17:51.426,72.095,1
2072,2026-03-20T01:17:51.504,73.425,1
2073,2026-03-20T01:17:51.586,76.398,1
2074,2026-03-20T01:17:51.663,71.619,1
2075,2026-03-20T01:17:51.742,74.981,1
2076,2026-03-20T01:17:51.821,73.505,1
2077,2026-03-20T01:17:51.899,73.601,1
2078,2026-03-20T01:17:51.978,73.197,1
2079,2026-03-20T01:17:52.057,72.556,1
2080,2026-03-20T01:17:52.140,75.605,1
2081,2026-03-20T01:17:52.225,80.819,1
2082,2026-03-20T01:17:52.310,79.462,1
2083,2026-03-20T01:17:52.389,73.436,1
2084,2026-03-20T01:17:52.467,73.286,1
2085,2026-03-20T01:17:52.542,70.120,1
2086,2026-03-20T01:17:52.622,74.918,1
2087,2026-03-20T01:17:52.699,71.748,1
2088,2026-03-20T01:17:52.777,73.074,1
2089,2026-03-20T01:17:52.858,74.146,1
2090,2026-03-20T01:17:52.936,72.259,1
2091,2026-03-20T01:17:53.013,71.981,1
2092,2026-03-20T01:17:53.086,68.080,1
2093,2026-03-20T01:17:53.171,79.694,1
2094,2026-03-20T01:17:53.245,68.655,1
2095,2026-03-20T01:17:53.323,72.220,1
2096,2026-03-20T01:17:53.403,75.925,1
2097,2026-03-20T01:17:53.485,76.267,1
2098,2026-03-20T01:17:53.558,68.878,1
2099,2026-03-20T01:17:53.635,71.939,1
2100,2026-03-20T01:17:53.707,67.244,1
2101,2026-03-20T01:17:53.781,69.602,1
2102,2026-03-20T01:17:53.867,80.925,1
2103,2026-03-20T01:17:53.940,67.035,1
2104,2026-03-20T01:17:54.018,72.788,1
2105,2026-03-20T01:17:54.100,77.412,1
2106,2026-03-20T01:17:54.179,73.535,1
2107,2026-03-20T01:17:54.261,75.220,1
2108,2026-03-20T01:17:54.348,82.658,1
2109,2026-03-20T01:17:54.430,76.600,1
2110,2026-03-20T01:17:54.513,78.634,1
2111,2026-03-20T01:17:54.597,77.213,1
2112,2026-03-20T01:17:54.676,73.861,1
2113,2026-03-20T01:17:54.754,72.926,1
2114,2026-03-20T01:17:54.832,73.021,1
2115,2026-03-20T01:17:54.919,81.697,1
2116,2026-03-20T01:17:55.009,84.899,1
2117,2026-03-20T01:17:55.091,76.403,1
2118,2026-03-20T01:17:55.171,75.135,1
2119,2026-03-20T01:17:55.264,87.081,1
2120,2026-03-20T01:17:55.355,85.649,1
2121,2026-03-20T01:17:55.441,80.454,1
2122,2026-03-20T01:17:55.526,79.556,1
2123,2026-03-20T01:17:55.604,73.570,1
2124,2026-03-20T01:17:55.691,81.436,1
2125,2026-03-20T01:17:55.774,77.987,1
2126,2026-03-20T01:17:55.859,79.270,1
2127,2026-03-20T01:17:55.941,76.829,1
2128,2026-03-20T01:17:56.027,81.600,1
2129,2026-03-20T01:17:56.106,72.476,1
2130,2026-03-20T01:17:56.190,79.557,1
2131,2026-03-20T01:17:56.277,80.901,1
2132,2026-03-20T01:17:56.359,77.540,1
2133,2026-03-20T01:17:56.443,78.139,1
2134,2026-03-20T01:17:56.522,73.766,1
2135,2026-03-20T01:17:56.589,62.479,1
2136,2026-03-20T01:17:56.671,76.995,1
2137,2026-03-20T01:17:56.742,65.999,1
2138,2026-03-20T01:17:56.831,83.115,1
2139,2026-03-20T01:17:56.918,80.374,1
2140,2026-03-20T01:17:57.007,84.302,1
2141,2026-03-20T01:17:57.101,88.116,1
2142,2026-03-20T01:17:57.200,93.071,1
2143,2026-03-20T01:17:57.294,86.417,1
2144,2026-03-20T01:17:57.391,91.961,1
2145,2026-03-20T01:17:57.486,88.588,1
2146,2026-03-20T01:17:57.575,84.843,1
2147,2026-03-20T01:17:57.680,99.175,1
2148,2026-03-20T01:17:57.783,96.401,1
2149,2026-03-20T01:17:57.886,97.546,1
2150,2026-03-20T01:17:57.982,91.798,1
2151,2026-03-20T01:17:58.083,94.659,1
2152,2026-03-20T01:17:58.181,92.158,1
2153,2026-03-20T01:17:58.282,95.769,1
2154,2026-03-20T01:17:58.376,87.851,1
2155,2026-03-20T01:17:58.472,90.305,1
2156,2026-03-20T01:17:58.565,88.069,1
2157,2026-03-20T01:17:58.657,86.500,1
2158,2026-03-20T01:17:58.744,81.938,1
2159,2026-03-20T01:17:58.822,72.859,1
2160,2026-03-20T01:17:58.912,84.599,1
2161,2026-03-20T01:17:59.000,83.548,1
2162,2026-03-20T01:17:59.090,83.923,1
2163,2026-03-20T01:17:59.176,81.691,1
2164,2026-03-20T01:17:59.263,81.275,1
2165,2026-03-20T01:17:59.347,77.940,1
2166,2026-03-20T01:17:59.433,81.363,1
2167,2026-03-20T01:17:59.520,80.584,1
2168,2026-03-20T01:17:59.617,91.771,1
2169,2026-03-20T01:17:59.720,95.615,1
2170,2026-03-20T01:17:59.808,82.483,1
2171,2026-03-20T01:17:59.904,89.899,1
2172,2026-03-20T01:17:59.995,86.190,1
2173,2026-03-20T01:18:00.092,90.230,1
2174,2026-03-20T01:18:00.182,84.084,1
2175,2026-03-20T01:18:00.276,89.219,1
2176,2026-03-20T01:18:00.357,76.290,1
2177,2026-03-20T01:18:00.449,86.397,1
2178,2026-03-20T01:18:00.538,84.128,1
2179,2026-03-20T01:18:00.633,89.447,1
2180,2026-03-20T01:18:00.714,76.103,1
2181,2026-03-20T01:18:00.809,88.969,1
2182,2026-03-20T01:18:00.904,89.060,1
2183,2026-03-20T01:18:00.990,80.965,1
2184,2026-03-20T01:18:01.075,80.651,1
2185,2026-03-20T01:18:01.167,86.190,1
2186,2026-03-20T01:18:01.251,78.769,1
2187,2026-03-20T01:18:01.342,85.498,1
2188,2026-03-20T01:18:01.433,85.602,1
2189,2026-03-20T01:18:01.518,80.166,1
2190,2026-03-20T01:18:01.611,87.156,1
2191,2026-03-20T01:18:01.717,100.436,1
2192,2026-03-20T01:18:01.813,86.282,1
2193,2026-03-20T01:18:01.901,82.811,1
2194,2026-03-20T01:18:01.992,85.218,1
2195,2026-03-20T01:18:02.079,81.293,1
2196,2026-03-20T01:18:02.168,81.822,1
2197,2026-03-20T01:18:02.261,87.138,1
2198,2026-03-20T01:18:02.362,94.995,1
2199,2026-03-20T01:18:02.456,87.330,1
2200,2026-03-20T01:18:02.549,86.515,1
2201,2026-03-20T01:18:02.643,88.623,1
2202,2026-03-20T01:18:02.726,77.578,1
2203,2026-03-20T01:18:02.816,84.697,1
2204,2026-03-20T01:18:02.908,87.004,1
2205,2026-03-20T01:18:03.001,85.954,1
2206,2026-03-20T01:18:03.091,84.589,1
2207,2026-03-20T01:18:03.183,86.205,1
2208,2026-03-20T01:18:03.272,82.916,1
2209,2026-03-20T01:18:03.367,89.475,1
2210,2026-03-20T01:18:03.456,83.892,1
2211,2026-03-20T01:18:03.556,93.822,1
2212,2026-03-20T01:18:03.653,91.465,1
2213,2026-03-20T01:18:03.754,94.820,1
2214,2026-03-20T01:18:03.843,83.545,1
2215,2026-03-20T01:18:03.938,89.025,1
2216,2026-03-20T01:18:04.030,85.938,1
2217,2026-03-20T01:18:04.113,77.899,1
2218,2026-03-20T01:18:04.206,87.686,1
2219,2026-03-20T01:18:04.302,90.334,1
2220,2026-03-20T01:18:04.388,78.863,1
2221,2026-03-20T01:18:04.484,90.759,1
2222,2026-03-20T01:18:04.569,79.594,1
2223,2026-03-20T01:18:04.660,84.780,1
2224,2026-03-20T01:18:04.750,83.882,1
2225,2026-03-20T01:18:04.835,79.319,1
2226,2026-03-20T01:18:04.937,94.319,1
2227,2026-03-20T01:18:05.030,87.524,1
2228,2026-03-20T01:18:05.121,85.618,1
2229,2026-03-20T01:18:05.216,89.181,1
2230,2026-03-20T01:18:05.308,85.593,1
2231,2026-03-20T01:18:05.404,89.480,1
2232,2026-03-20T01:18:05.498,89.017,1
2233,2026-03-20T01:18:05.601,96.974,1
2234,2026-03-20T01:18:05.692,85.447,1
2235,2026-03-20T01:18:05.786,88.013,1
2236,2026-03-20T01:18:05.873,81.799,1
2237,2026-03-20T01:18:05.970,91.202,1
2238,2026-03-20T01:18:06.061,86.038,1
2239,2026-03-20T01:18:06.151,83.911,1
2240,2026-03-20T01:18:06.243,86.553,1
2241,2026-03-20T01:18:06.335,86.575,1
2242,2026-03-20T01:18:06.427,85.323,1
2243,2026-03-20T01:18:06.522,89.800,1
2244,2026-03-20T01:18:06.616,86.550,1
2245,2026-03-20T01:18:06.704,82.544,1
2246,2026-03-20T01:18:06.798,88.593,1
2247,2026-03-20T01:18:06.886,82.150,1
2248,2026-03-20T01:18:06.975,82.260,1
2249,2026-03-20T01:18:07.073,91.194,1
2250,2026-03-20T01:18:07.165,86.221,1
2251,2026-03-20T01:18:07.255,84.062,1
2252,2026-03-20T01:18:07.351,89.073,1
2253,2026-03-20T01:18:07.447,88.949,1
2254,2026-03-20T01:18:07.537,83.973,1
2255,2026-03-20T01:18:07.634,91.336,1
2256,2026-03-20T01:18:07.724,84.464,1
2257,2026-03-20T01:18:07.811,82.206,1
2258,2026-03-20T01:18:07.899,82.635,1
2259,2026-03-20T01:18:07.986,80.960,1
2260,2026-03-20T01:18:08.074,81.833,1
2261,2026-03-20T01:18:08.161,82.000,1
2262,2026-03-20T01:18:08.258,91.130,1
2263,2026-03-20T01:18:08.357,92.697,1
2264,2026-03-20T01:18:08.451,88.030,1
2265,2026-03-20T01:18:08.543,85.861,1
2266,2026-03-20T01:18:08.642,93.241,1
2267,2026-03-20T01:18:08.732,84.157,1
2268,2026-03-20T01:18:08.825,87.544,1
2269,2026-03-20T01:18:08.914,83.290,1
2270,2026-03-20T01:18:09.011,92.281,1
2271,2026-03-20T01:18:09.105,86.932,1
2272,2026-03-20T01:18:09.200,88.205,1
2273,2026-03-20T01:18:09.295,90.154,1
2274,2026-03-20T01:18:09.386,84.921,1
2275,2026-03-20T01:18:09.478,86.827,1
2276,2026-03-20T01:18:09.571,86.904,1
2277,2026-03-20T01:18:09.663,85.909,1
2278,2026-03-20T01:18:09.757,88.067,1
2279,2026-03-20T01:18:09.839,76.628,1
2280,2026-03-20T01:18:09.937,91.597,1
2281,2026-03-20T01:18:10.022,78.842,1
2282,2026-03-20T01:18:10.115,86.422,1
2283,2026-03-20T01:18:10.207,86.408,1
2284,2026-03-20T01:18:10.305,91.946,1
2285,2026-03-20T01:18:10.391,80.400,1
2286,2026-03-20T01:18:10.494,97.043,1
2287,2026-03-20T01:18:10.579,79.126,1
2288,2026-03-20T01:18:10.671,86.527,1
2289,2026-03-20T01:18:10.765,88.819,1
2290,2026-03-20T01:18:10.853,81.448,1
2291,2026-03-20T01:18:10.953,93.777,1
2292,2026-03-20T01:18:11.045,86.838,1
2293,2026-03-20T01:18:11.134,83.237,1
2294,2026-03-20T01:18:11.235,91.424,1
2295,2026-03-20T01:18:11.320,79.855,1
2296,2026-03-20T01:18:11.419,92.381,1
2297,2026-03-20T01:18:11.513,88.365,1
2298,2026-03-20T01:18:11.615,95.886,1
2299,2026-03-20T01:18:11.713,91.268,1
2300,2026-03-20T01:18:11.810,91.493,1
2301,2026-03-20T01:18:11.901,84.444,1
2302,2026-03-20T01:18:11.996,89.317,1
2303,2026-03-20T01:18:12.089,87.679,1
2304,2026-03-20T01:18:12.186,91.314,1
2305,2026-03-20T01:18:12.286,93.207,1
2306,2026-03-20T01:18:12.372,79.726,1
2307,2026-03-20T01:18:12.457,79.777,1
2308,2026-03-20T01:18:12.551,88.559,1
2309,2026-03-20T01:18:12.638,81.651,1
2310,2026-03-20T01:18:12.727,83.567,1
2311,2026-03-20T01:18:12.821,88.398,1
2312,2026-03-20T01:18:12.912,86.148,1
2313,2026-03-20T01:18:13.004,86.644,1
2314,2026-03-20T01:18:13.094,84.635,1
2315,2026-03-20T01:18:13.187,87.247,1
2316,2026-03-20T01:18:13.274,81.706,1
2317,2026-03-20T01:18:13.362,82.384,1
2318,2026-03-20T01:18:13.453,86.267,1
2319,2026-03-20T01:18:13.544,84.952,1
2320,2026-03-20T01:18:13.634,83.489,1
2321,2026-03-20T01:18:13.726,85.528,1
2322,2026-03-20T01:18:13.816,84.321,1
2323,2026-03-20T01:18:13.907,86.444,1
2324,2026-03-20T01:18:13.989,76.967,1
2325,2026-03-20T01:18:14.076,80.657,1
2326,2026-03-20T01:18:14.164,83.757,1
2327,2026-03-20T01:18:14.251,81.660,1
2328,2026-03-20T01:18:14.340,82.554,1
2329,2026-03-20T01:18:14.422,76.916,1
2330,2026-03-20T01:18:14.505,77.443,1
2331,2026-03-20T01:18:14.601,91.737,1
2332,2026-03-20T01:18:14.686,78.242,1
2333,2026-03-20T01:18:14.771,80.535,1
2334,2026-03-20T01:18:14.859,82.416,1
2335,2026-03-20T01:18:14.950,85.717,1
2336,2026-03-20T01:18:15.042,86.515,1
2337,2026-03-20T01:18:15.130,83.377,1
2338,2026-03-20T01:18:15.220,82.815,1
2339,2026-03-20T01:18:15.306,78.637,1
2340,2026-03-20T01:18:15.397,85.352,1
2341,2026-03-20T01:18:15.488,85.765,1
2342,2026-03-20T01:18:15.580,86.620,1
2343,2026-03-20T01:18:15.669,83.892,1
2344,2026-03-20T01:18:15.752,78.040,1
2345,2026-03-20T01:18:15.844,86.500,1
2346,2026-03-20T01:18:15.935,85.644,1
2347,2026-03-20T01:18:16.022,81.962,1
2348,2026-03-20T01:18:16.110,82.784,1
2349,2026-03-20T01:18:16.202,87.669,1
2350,2026-03-20T01:18:16.291,83.510,1
2351,2026-03-20T01:18:16.383,86.886,1
2352,2026-03-20T01:18:16.481,91.734,1
2353,2026-03-20T01:18:16.570,83.442,1
2354,2026-03-20T01:18:16.660,83.945,1
2355,2026-03-20T01:18:16.745,79.503,1
2356,2026-03-20T01:18:16.830,79.387,1
2357,2026-03-20T01:18:16.918,82.283,1
2358,2026-03-20T01:18:16.996,73.432,1
2359,2026-03-20T01:18:17.088,85.799,1
2360,2026-03-20T01:18:17.194,99.600,1
2361,2026-03-20T01:18:17.277,77.333,1
2362,2026-03-20T01:18:17.367,84.766,1
2363,2026-03-20T01:18:17.451,78.548,1
2364,2026-03-20T01:18:17.541,85.008,1
2365,2026-03-20T01:18:17.631,84.249,1
2366,2026-03-20T01:18:17.718,82.164,1
2367,2026-03-20T01:18:17.808,83.998,1
2368,2026-03-20T01:18:17.894,80.870,1
2369,2026-03-20T01:18:17.979,79.498,1
2370,2026-03-20T01:18:18.069,84.998,1
2371,2026-03-20T01:18:18.156,80.173,1
2372,2026-03-20T01:18:18.250,88.722,1
2373,2026-03-20T01:18:18.335,79.577,1
2374,2026-03-20T01:18:18.427,87.134,1
2375,2026-03-20T01:18:18.522,86.685,1
2376,2026-03-20T01:18:18.620,90.979,1
2377,2026-03-20T01:18:18.710,81.973,1
2378,2026-03-20T01:18:18.818,101.577,1
2379,2026-03-20T01:18:18.909,85.219,1
2380,2026-03-20T01:18:18.995,80.675,1
2381,2026-03-20T01:18:19.094,93.042,1
2382,2026-03-20T01:18:19.189,89.013,1
2383,2026-03-20T01:18:19.279,84.995,1
2384,2026-03-20T01:18:19.364,78.831,1
2385,2026-03-20T01:18:19.454,85.057,1
2386,2026-03-20T01:18:19.538,78.002,1
2387,2026-03-20T01:18:19.630,86.460,1
2388,2026-03-20T01:18:19.721,85.434,1
2389,2026-03-20T01:18:19.814,87.796,1
2390,2026-03-20T01:18:19.905,84.983,1
2391,2026-03-20T01:18:19.999,88.392,1
2392,2026-03-20T01:18:20.089,84.396,1
2393,2026-03-20T01:18:20.177,83.475,1
2394,2026-03-20T01:18:20.273,89.650,1
2395,2026-03-20T01:18:20.376,94.077,1
2396,2026-03-20T01:18:20.469,86.331,1
2397,2026-03-20T01:18:20.556,81.079,1
2398,2026-03-20T01:18:20.640,78.438,1
2399,2026-03-20T01:18:20.728,82.523,1
2400,2026-03-20T01:18:20.817,83.943,1
2401,2026-03-20T01:18:20.914,91.016,1
2402,2026-03-20T01:18:21.007,87.131,1
2403,2026-03-20T01:18:21.103,90.428,1
2404,2026-03-20T01:18:21.200,91.399,1
2405,2026-03-20T01:18:21.284,77.303,1
2406,2026-03-20T01:18:21.384,94.572,1
2407,2026-03-20T01:18:21.471,80.405,1
2408,2026-03-20T01:18:21.559,83.324,1
2409,2026-03-20T01:18:21.654,88.905,1
2410,2026-03-20T01:18:21.744,85.100,1
2411,2026-03-20T01:18:21.839,89.067,1
2412,2026-03-20T01:18:21.934,88.598,1
2413,2026-03-20T01:18:22.019,79.857,1
2414,2026-03-20T01:18:22.105,81.027,1
2415,2026-03-20T01:18:22.201,89.258,1
2416,2026-03-20T01:18:22.295,87.383,1
2417,2026-03-20T01:18:22.377,76.558,1
2418,2026-03-20T01:18:22.475,91.530,1
2419,2026-03-20T01:18:22.562,82.067,1
2420,2026-03-20T01:18:22.657,88.869,1
2421,2026-03-20T01:18:22.758,95.865,1
2422,2026-03-20T01:18:22.844,80.270,1
2423,2026-03-20T01:18:22.930,80.518,1
2424,2026-03-20T01:18:23.026,91.330,1
2425,2026-03-20T01:18:23.113,80.945,1
2426,2026-03-20T01:18:23.196,78.295,1
2427,2026-03-20T01:18:23.285,82.798,1
2428,2026-03-20T01:18:23.373,83.024,1
2429,2026-03-20T01:18:23.459,79.984,1
2430,2026-03-20T01:18:23.546,80.254,1
2431,2026-03-20T01:18:23.629,77.550,1
2432,2026-03-20T01:18:23.721,84.694,1
2433,2026-03-20T01:18:23.813,86.468,1
2434,2026-03-20T01:18:23.901,82.298,1
2435,2026-03-20T01:18:23.986,79.316,1
2436,2026-03-20T01:18:24.072,81.757,1
2437,2026-03-20T01:18:24.166,86.203,1
2438,2026-03-20T01:18:24.260,87.323,1
2439,2026-03-20T01:18:24.349,83.487,1
2440,2026-03-20T01:18:24.456,99.958,1
2441,2026-03-20T01:18:24.552,89.674,1
2442,2026-03-20T01:18:24.648,90.495,1
2443,2026-03-20T01:18:24.754,100.102,1
2444,2026-03-20T01:18:24.850,88.559,1
2445,2026-03-20T01:18:24.941,85.947,1
2446,2026-03-20T01:18:25.033,85.392,1
2447,2026-03-20T01:18:25.139,99.321,1
2448,2026-03-20T01:18:25.238,92.774,1
2449,2026-03-20T01:18:25.331,87.261,1
2450,2026-03-20T01:18:25.439,101.319,1
2451,2026-03-20T01:18:25.530,84.059,1
2452,2026-03-20T01:18:25.624,87.937,1
2453,2026-03-20T01:18:25.720,90.084,1
2454,2026-03-20T01:18:25.817,90.297,1
2455,2026-03-20T01:18:25.913,88.620,1
2456,2026-03-20T01:18:26.000,81.918,1
2457,2026-03-20T01:18:26.089,83.122,1
2458,2026-03-20T01:18:26.182,87.616,1
2459,2026-03-20T01:18:26.278,90.357,1
2460,2026-03-20T01:18:26.384,100.190,1
2461,2026-03-20T01:18:26.475,85.043,1
2462,2026-03-20T01:18:26.561,80.021,1
2463,2026-03-20T01:18:26.655,87.590,1
2464,2026-03-20T01:18:26.759,98.236,1
2465,2026-03-20T01:18:26.855,90.153,1
2466,2026-03-20T01:18:26.956,95.807,1
2467,2026-03-20T01:18:27.051,87.579,1
2468,2026-03-20T01:18:27.138,80.345,1
2469,2026-03-20T01:18:27.229,84.038,1
2470,2026-03-20T01:18:27.327,89.540,1
2471,2026-03-20T01:18:27.428,93.577,1
2472,2026-03-20T01:18:27.528,94.351,1
2473,2026-03-20T01:18:27.621,86.838,1
2474,2026-03-20T01:18:27.713,86.760,1
2475,2026-03-20T01:18:27.812,92.778,1
2476,2026-03-20T01:18:27.900,81.533,1
2477,2026-03-20T01:18:27.984,78.042,1
2478,2026-03-20T01:18:28.066,76.670,1
2479,2026-03-20T01:18:28.162,91.227,1
2480,2026-03-20T01:18:28.247,78.794,1
2481,2026-03-20T01:18:28.334,81.053,1
2482,2026-03-20T01:18:28.430,89.409,1
2483,2026-03-20T01:18:28.511,75.331,1
2484,2026-03-20T01:18:28.599,80.588,1
2485,2026-03-20T01:18:28.689,84.832,1
2486,2026-03-20T01:18:28.778,82.942,1
2487,2026-03-20T01:18:28.869,85.914,1
2488,2026-03-20T01:18:28.957,81.609,1
2489,2026-03-20T01:18:29.055,88.983,1
2490,2026-03-20T01:18:29.139,78.997,1
2491,2026-03-20T01:18:29.224,77.454,1
2492,2026-03-20T01:18:29.334,103.632,1
2493,2026-03-20T01:18:29.425,85.018,1
2494,2026-03-20T01:18:29.512,80.408,1
2495,2026-03-20T01:18:29.600,81.506,1
2496,2026-03-20T01:18:29.694,88.232,1
2497,2026-03-20T01:18:29.795,95.117,1
2498,2026-03-20T01:18:29.887,86.452,1
2499,2026-03-20T01:18:29.971,79.192,1
2500,2026-03-20T01:18:30.068,91.474,1
2501,2026-03-20T01:18:30.156,82.914,1
2502,2026-03-20T01:18:30.244,82.898,1
2503,2026-03-20T01:18:30.333,83.284,1
2504,2026-03-20T01:18:30.428,89.249,1
2505,2026-03-20T01:18:30.527,92.582,1
2506,2026-03-20T01:18:30.620,87.633,1
2507,2026-03-20T01:18:30.714,88.158,1
2508,2026-03-20T01:18:30.812,92.637,1
2509,2026-03-20T01:18:30.904,85.938,1
2510,2026-03-20T01:18:30.992,82.428,1
2511,2026-03-20T01:18:31.083,85.904,1
2512,2026-03-20T01:18:31.177,87.773,1
2513,2026-03-20T01:18:31.276,94.257,1
2514,2026-03-20T01:18:31.367,84.789,1
2515,2026-03-20T01:18:31.450,76.633,1
2516,2026-03-20T01:18:31.535,77.320,1
2517,2026-03-20T01:18:31.622,82.053,1
2518,2026-03-20T01:18:31.703,76.418,1
2519,2026-03-20T01:18:31.795,86.490,1
2520,2026-03-20T01:18:31.880,80.565,1
2521,2026-03-20T01:18:31.961,75.213,1
2522,2026-03-20T01:18:32.045,79.346,1
2523,2026-03-20T01:18:32.131,80.940,1
2524,2026-03-20T01:18:32.213,76.461,1
2525,2026-03-20T01:18:32.309,90.240,1
2526,2026-03-20T01:18:32.404,89.738,1
2527,2026-03-20T01:18:32.496,85.999,1
2528,2026-03-20T01:18:32.586,82.210,1
2529,2026-03-20T01:18:32.664,72.768,1
2530,2026-03-20T01:18:32.750,81.333,1
2531,2026-03-20T01:18:32.840,84.511,1
2532,2026-03-20T01:18:32.930,85.026,1
2533,2026-03-20T01:18:33.021,85.745,1
2534,2026-03-20T01:18:33.117,89.629,1
2535,2026-03-20T01:18:33.213,88.227,1
2536,2026-03-20T01:18:33.322,102.134,1
2537,2026-03-20T01:18:33.419,91.098,1
2538,2026-03-20T01:18:33.524,97.822,1
2539,2026-03-20T01:18:33.609,80.794,1
2540,2026-03-20T01:18:33.697,80.661,1
2541,2026-03-20T01:18:33.790,87.416,1
2542,2026-03-20T01:18:33.892,96.100,1
2543,2026-03-20T01:18:33.987,89.953,1
2544,2026-03-20T01:18:34.083,89.903,1
2545,2026-03-20T01:18:34.167,78.434,1
2546,2026-03-20T01:18:34.266,93.410,1
2547,2026-03-20T01:18:34.356,83.738,1
2548,2026-03-20T01:18:34.447,85.410,1
2549,2026-03-20T01:18:34.536,83.726,1
2550,2026-03-20T01:18:34.623,81.598,1
2551,2026-03-20T01:18:34.710,81.595,1
2552,2026-03-20T01:18:34.806,89.981,1
2553,2026-03-20T01:18:34.899,87.776,1
2554,2026-03-20T01:18:34.989,84.436,1
2555,2026-03-20T01:18:35.077,82.020,1
2556,2026-03-20T01:18:35.165,82.369,1
2557,2026-03-20T01:18:35.269,98.126,1
2558,2026-03-20T01:18:35.388,112.982,1
2559,2026-03-20T01:18:35.496,101.860,1
2560,2026-03-20T01:18:35.606,102.885,1
2561,2026-03-20T01:18:35.709,97.793,1
2562,2026-03-20T01:18:35.819,101.454,1
2563,2026-03-20T01:18:35.916,91.241,1
2564,2026-03-20T01:18:36.012,90.300,1
2565,2026-03-20T01:18:36.112,95.034,1
2566,2026-03-20T01:18:36.201,82.338,1
2567,2026-03-20T01:18:36.304,95.479,1
2568,2026-03-20T01:18:36.394,84.616,1
2569,2026-03-20T01:18:36.496,97.073,1
2570,2026-03-20T01:18:36.594,91.717,1
2571,2026-03-20T01:18:36.697,97.711,1
2572,2026-03-20T01:18:36.808,105.041,1
2573,2026-03-20T01:18:36.915,98.654,1
2574,2026-03-20T01:18:37.033,111.972,1
2575,2026-03-20T01:18:37.129,89.422,1
2576,2026-03-20T01:18:37.227,90.836,1
2577,2026-03-20T01:18:37.324,92.002,1
2578,2026-03-20T01:18:37.432,99.737,1
2579,2026-03-20T01:18:37.529,90.627,1
2580,2026-03-20T01:18:37.638,103.435,1
2581,2026-03-20T01:18:37.747,100.692,1
2582,2026-03-20T01:18:37.840,86.295,1
2583,2026-03-20T01:18:37.935,89.800,1
2584,2026-03-20T01:18:38.036,94.330,1
2585,2026-03-20T01:18:38.140,95.050,1
2586,2026-03-20T01:18:38.247,99.774,1
2587,2026-03-20T01:18:38.348,94.835,1
2588,2026-03-20T01:18:38.442,88.603,1
2589,2026-03-20T01:18:38.541,92.565,1
2590,2026-03-20T01:18:38.638,91.310,1
2591,2026-03-20T01:18:38.748,103.427,1
2592,2026-03-20T01:18:38.856,99.963,1
2593,2026-03-20T01:18:38.952,89.575,1
2594,2026-03-20T01:18:39.065,106.862,1
2595,2026-03-20T01:18:39.165,90.016,1
2596,2026-03-20T01:18:39.272,97.780,1
2597,2026-03-20T01:18:39.381,100.085,1
2598,2026-03-20T01:18:39.475,88.322,1
2599,2026-03-20T01:18:39.576,93.588,1
2600,2026-03-20T01:18:39.672,89.275,1
2601,2026-03-20T01:18:39.773,94.799,1
2602,2026-03-20T01:18:39.874,93.782,1
2603,2026-03-20T01:18:39.978,98.062,1
2604,2026-03-20T01:18:40.079,95.549,1
2605,2026-03-20T01:18:40.178,91.210,1
2606,2026-03-20T01:18:40.267,82.326,1
2607,2026-03-20T01:18:40.358,82.695,1
2608,2026-03-20T01:18:40.452,88.647,1
2609,2026-03-20T01:18:40.552,93.208,1
2610,2026-03-20T01:18:40.650,91.236,1
2611,2026-03-20T01:18:40.745,89.037,1
2612,2026-03-20T01:18:40.835,84.548,1
2613,2026-03-20T01:18:40.930,87.599,1
2614,2026-03-20T01:18:41.021,85.911,1
2615,2026-03-20T01:18:41.116,88.253,1
2616,2026-03-20T01:18:41.194,71.629,1
2617,2026-03-20T01:18:41.274,73.406,1
2618,2026-03-20T01:18:41.369,89.188,1
2619,2026-03-20T01:18:41.461,85.106,1
2620,2026-03-20T01:18:41.562,92.710,1
2621,2026-03-20T01:18:41.652,84.454,1
2622,2026-03-20T01:18:41.741,83.970,1
2623,2026-03-20T01:18:41.832,85.679,1
2624,2026-03-20T01:18:41.926,88.525,1
2625,2026-03-20T01:18:42.020,86.551,1
2626,2026-03-20T01:18:42.112,85.537,1
2627,2026-03-20T01:18:42.201,82.357,1
2628,2026-03-20T01:18:42.300,89.453,1
2629,2026-03-20T01:18:42.394,86.300,1
2630,2026-03-20T01:18:42.493,93.186,1
2631,2026-03-20T01:18:42.582,83.467,1
2632,2026-03-20T01:18:42.676,88.289,1
2633,2026-03-20T01:18:42.764,81.867,1
2634,2026-03-20T01:18:42.853,84.087,1
2635,2026-03-20T01:18:42.938,79.579,1
2636,2026-03-20T01:18:43.038,94.690,1
2637,2026-03-20T01:18:43.129,85.998,1
2638,2026-03-20T01:18:43.224,87.613,1
2639,2026-03-20T01:18:43.317,86.842,1
2640,2026-03-20T01:18:43.405,82.033,1
2641,2026-03-20T01:18:43.490,80.020,1
2642,2026-03-20T01:18:43.588,92.456,1
2643,2026-03-20T01:18:43.695,100.605,1
2644,2026-03-20T01:18:43.801,97.713,1
2645,2026-03-20T01:18:43.900,91.590,1
2646,2026-03-20T01:18:43.995,87.047,1
2647,2026-03-20T01:18:44.093,91.801,1
2648,2026-03-20T01:18:44.186,87.495,1
2649,2026-03-20T01:18:44.284,92.123,1
2650,2026-03-20T01:18:44.375,84.936,1
2651,2026-03-20T01:18:44.472,91.040,1
2652,2026-03-20T01:18:44.572,94.272,1
2653,2026-03-20T01:18:44.665,87.526,1
2654,2026-03-20T01:18:44.768,94.587,1
2655,2026-03-20T01:18:44.873,98.475,1
2656,2026-03-20T01:18:44.970,90.992,1
2657,2026-03-20T01:18:45.063,84.445,1
2658,2026-03-20T01:18:45.155,86.648,1
2659,2026-03-20T01:18:45.244,82.787,1
2660,2026-03-20T01:18:45.346,96.181,1
2661,2026-03-20T01:18:45.441,89.867,1
2662,2026-03-20T01:18:45.535,85.877,1
2663,2026-03-20T01:18:45.634,92.899,1
2664,2026-03-20T01:18:45.722,82.621,1
2665,2026-03-20T01:18:45.814,84.056,1
2666,2026-03-20T01:18:45.908,88.210,1
2667,2026-03-20T01:18:46.004,89.169,1
2668,2026-03-20T01:18:46.094,84.020,1
2669,2026-03-20T01:18:46.183,83.212,1
2670,2026-03-20T01:18:46.278,88.990,1
2671,2026-03-20T01:18:46.372,87.698,1
2672,2026-03-20T01:18:46.467,88.431,1
2673,2026-03-20T01:18:46.567,94.779,1
2674,2026-03-20T01:18:46.667,94.300,1
2675,2026-03-20T01:18:46.757,84.246,1
2676,2026-03-20T01:18:46.846,83.226,1
2677,2026-03-20T01:18:46.935,83.178,1
2678,2026-03-20T01:18:47.017,76.982,1
2679,2026-03-20T01:18:47.109,86.243,1
2680,2026-03-20T01:18:47.182,64.974,1
2681,2026-03-20T01:18:47.258,69.159,1
2682,2026-03-20T01:18:47.343,79.791,1
2683,2026-03-20T01:18:47.431,82.875,1
2684,2026-03-20T01:18:47.521,83.288,1
2685,2026-03-20T01:18:47.609,80.577,1
2686,2026-03-20T01:18:47.691,76.984,1
2687,2026-03-20T01:18:47.772,75.954,1
2688,2026-03-20T01:18:47.859,81.475,1
2689,2026-03-20T01:18:47.949,83.872,1
2690,2026-03-20T01:18:48.042,86.825,1
2691,2026-03-20T01:18:48.132,84.877,1
2692,2026-03-20T01:18:48.219,80.340,1
2693,2026-03-20T01:18:48.307,83.047,1
2694,2026-03-20T01:18:48.399,85.556,1
2695,2026-03-20T01:18:48.491,85.841,1
2696,2026-03-20T01:18:48.576,79.914,1
2697,2026-03-20T01:18:48.662,79.623,1
2698,2026-03-20T01:18:48.749,82.268,1
2699,2026-03-20T01:18:48.841,86.119,1
2700,2026-03-20T01:18:48.930,82.206,1
2701,2026-03-20T01:18:49.017,81.084,1
2702,2026-03-20T01:18:49.101,78.249,1
2703,2026-03-20T01:18:49.188,82.410,1
2704,2026-03-20T01:18:49.276,81.172,1
2705,2026-03-20T01:18:49.362,81.010,1
2706,2026-03-20T01:18:49.442,74.945,1
2707,2026-03-20T01:18:49.528,80.516,1
2708,2026-03-20T01:18:49.613,79.334,1
2709,2026-03-20T01:18:49.702,83.578,1
2710,2026-03-20T01:18:49.790,81.628,1
2711,2026-03-20T01:18:49.885,88.641,1
2712,2026-03-20T01:18:49.997,104.635,1
2713,2026-03-20T01:18:50.090,87.114,1
2714,2026-03-20T01:18:50.176,78.624,1
2715,2026-03-20T01:18:50.269,87.176,1
2716,2026-03-20T01:18:50.353,77.673,1
2717,2026-03-20T01:18:50.443,84.953,1
2718,2026-03-20T01:18:50.530,81.762,1
2719,2026-03-20T01:18:50.618,82.527,1
2720,2026-03-20T01:18:50.698,73.927,1
2721,2026-03-20T01:18:50.778,74.411,1
2722,2026-03-20T01:18:50.863,79.381,1
2723,2026-03-20T01:18:50.945,76.546,1
2724,2026-03-20T01:18:51.024,72.681,1
2725,2026-03-20T01:18:51.108,78.141,1
2726,2026-03-20T01:18:51.194,79.597,1
2727,2026-03-20T01:18:51.282,82.448,1
2728,2026-03-20T01:18:51.365,78.302,1
2729,2026-03-20T01:18:51.447,76.170,1
2730,2026-03-20T01:18:51.530,77.804,1
2731,2026-03-20T01:18:51.617,81.585,1
2732,2026-03-20T01:18:51.702,79.628,1
2733,2026-03-20T01:18:51.785,77.159,1
2734,2026-03-20T01:18:51.871,79.953,1
2735,2026-03-20T01:18:51.953,75.776,1
2736,2026-03-20T01:18:52.036,77.569,1
2737,2026-03-20T01:18:52.125,82.637,1
2738,2026-03-20T01:18:52.219,88.156,1
2739,2026-03-20T01:18:52.308,82.561,1
2740,2026-03-20T01:18:52.401,86.578,1
2741,2026-03-20T01:18:52.486,80.295,1
2742,2026-03-20T01:18:52.573,80.008,1
2743,2026-03-20T01:18:52.660,81.177,1
2744,2026-03-20T01:18:52.751,84.318,1
2745,2026-03-20T01:18:52.834,77.143,1
2746,2026-03-20T01:18:52.919,80.031,1
2747,2026-03-20T01:18:53.002,78.076,1
2748,2026-03-20T01:18:53.088,79.206,1
2749,2026-03-20T01:18:53.172,78.586,1
2750,2026-03-20T01:18:53.261,81.673,1
2751,2026-03-20T01:18:53.343,77.462,1
2752,2026-03-20T01:18:53.428,79.169,1
2753,2026-03-20T01:18:53.512,78.480,1
2754,2026-03-20T01:18:53.600,81.709,1
2755,2026-03-20T01:18:53.686,79.574,1
2756,2026-03-20T01:18:53.771,79.647,1
2757,2026-03-20T01:18:53.860,82.568,1
2758,2026-03-20T01:18:53.948,82.430,1
2759,2026-03-20T01:18:54.029,75.653,1
2760,2026-03-20T01:18:54.119,85.100,1
2761,2026-03-20T01:18:54.205,78.762,1
2762,2026-03-20T01:18:54.287,76.084,1
2763,2026-03-20T01:18:54.367,75.034,1
2764,2026-03-20T01:18:54.454,80.137,1
2765,2026-03-20T01:18:54.544,84.034,1
2766,2026-03-20T01:18:54.632,80.893,1
2767,2026-03-20T01:18:54.717,79.715,1
2768,2026-03-20T01:18:54.812,89.218,1
2769,2026-03-20T01:18:54.897,79.560,1
2770,2026-03-20T01:18:54.984,81.093,1
2771,2026-03-20T01:18:55.065,74.000,1
2772,2026-03-20T01:18:55.146,75.707,1
2773,2026-03-20T01:18:55.234,81.795,1
2774,2026-03-20T01:18:55.322,82.331,1
2775,2026-03-20T01:18:55.404,75.773,1
2776,2026-03-20T01:18:55.492,81.400,1
2777,2026-03-20T01:18:55.574,75.382,1
2778,2026-03-20T01:18:55.654,74.606,1
2779,2026-03-20T01:18:55.742,83.310,1
2780,2026-03-20T01:18:55.829,80.547,1
2781,2026-03-20T01:18:55.917,81.756,1
2782,2026-03-20T01:18:56.001,79.765,1
2783,2026-03-20T01:18:56.089,82.263,1
2784,2026-03-20T01:18:56.177,81.352,1
2785,2026-03-20T01:18:56.267,84.529,1
2786,2026-03-20T01:18:56.351,79.019,1
2787,2026-03-20T01:18:56.437,80.343,1
2788,2026-03-20T01:18:56.522,77.765,1
2789,2026-03-20T01:18:56.611,83.555,1
2790,2026-03-20T01:18:56.693,75.667,1
2791,2026-03-20T01:18:56.778,80.205,1
2792,2026-03-20T01:18:56.862,78.406,1
2793,2026-03-20T01:18:56.953,86.284,1
2794,2026-03-20T01:18:57.038,79.610,1
2795,2026-03-20T01:18:57.125,79.972,1
2796,2026-03-20T01:18:57.219,87.318,1
2797,2026-03-20T01:18:57.307,83.392,1
2798,2026-03-20T01:18:57.394,81.173,1
2799,2026-03-20T01:18:57.481,81.990,1
2800,2026-03-20T01:18:57.567,80.271,1
2801,2026-03-20T01:18:57.656,83.762,1
2802,2026-03-20T01:18:57.739,76.503,1
2803,2026-03-20T01:18:57.829,84.566,1
2804,2026-03-20T01:18:57.913,77.899,1
2805,2026-03-20T01:18:57.995,76.958,1
2806,2026-03-20T01:18:58.079,78.476,1
2807,2026-03-20T01:18:58.165,80.013,1
2808,2026-03-20T01:18:58.254,83.187,1
2809,2026-03-20T01:18:58.337,77.775,1
2810,2026-03-20T01:18:58.421,78.766,1
2811,2026-03-20T01:18:58.508,81.743,1
2812,2026-03-20T01:18:58.593,78.216,1
2813,2026-03-20T01:18:58.682,84.124,1
2814,2026-03-20T01:18:58.770,81.628,1
2815,2026-03-20T01:18:58.862,87.314,1
2816,2026-03-20T01:18:58.954,86.127,1
2817,2026-03-20T01:18:59.040,80.689,1
2818,2026-03-20T01:18:59.126,79.723,1
2819,2026-03-20T01:18:59.209,76.415,1
2820,2026-03-20T01:18:59.305,88.161,1
2821,2026-03-20T01:18:59.391,78.707,1
2822,2026-03-20T01:18:59.481,83.102,1
2823,2026-03-20T01:18:59.566,78.810,1
2824,2026-03-20T01:18:59.646,75.536,1
2825,2026-03-20T01:18:59.727,74.891,1
2826,2026-03-20T01:18:59.802,70.679,1
2827,2026-03-20T01:18:59.884,76.741,1
2828,2026-03-20T01:18:59.963,72.590,1
2829,2026-03-20T01:19:00.043,73.887,1
2830,2026-03-20T01:19:00.126,78.304,1
2831,2026-03-20T01:19:00.213,80.312,1
2832,2026-03-20T01:19:00.296,76.424,1
2833,2026-03-20T01:19:00.379,76.756,1
2834,2026-03-20T01:19:00.460,75.084,1
2835,2026-03-20T01:19:00.547,80.783,1
2836,2026-03-20T01:19:00.630,78.283,1
2837,2026-03-20T01:19:00.709,73.704,1
2838,2026-03-20T01:19:00.789,74.824,1
2839,2026-03-20T01:19:00.868,74.090,1
2840,2026-03-20T01:19:00.953,78.194,1
2841,2026-03-20T01:19:01.039,77.996,1
2842,2026-03-20T01:19:01.120,75.085,1
2843,2026-03-20T01:19:01.207,79.926,1
2844,2026-03-20T01:19:01.294,81.508,1
2845,2026-03-20T01:19:01.381,82.634,1
2846,2026-03-20T01:19:01.470,83.689,1
2847,2026-03-20T01:19:01.555,77.820,1
2848,2026-03-20T01:19:01.636,75.295,1
2849,2026-03-20T01:19:01.720,78.760,1
2850,2026-03-20T01:19:01.801,74.064,1
2851,2026-03-20T01:19:01.885,78.171,1
2852,2026-03-20T01:19:01.970,78.986,1
2853,2026-03-20T01:19:02.052,77.007,1
2854,2026-03-20T01:19:02.141,83.438,1
2855,2026-03-20T01:19:02.230,83.352,1
2856,2026-03-20T01:19:02.326,90.569,1
2857,2026-03-20T01:19:02.416,84.097,1
2858,2026-03-20T01:19:02.506,84.303,1
2859,2026-03-20T01:19:02.596,84.558,1
2860,2026-03-20T01:19:02.685,81.214,1
2861,2026-03-20T01:19:02.768,75.894,1
2862,2026-03-20T01:19:02.852,79.071,1
2863,2026-03-20T01:19:02.932,74.409,1
2864,2026-03-20T01:19:03.021,83.832,1
2865,2026-03-20T01:19:03.103,76.321,1
2866,2026-03-20T01:19:03.193,83.211,1
2867,2026-03-20T01:19:03.275,76.585,1
2868,2026-03-20T01:19:03.360,78.131,1
2869,2026-03-20T01:19:03.445,78.993,1
2870,2026-03-20T01:19:03.532,81.237,1
2871,2026-03-20T01:19:03.621,84.229,1
2872,2026-03-20T01:19:03.710,83.593,1
2873,2026-03-20T01:19:03.797,80.429,1
2874,2026-03-20T01:19:03.889,85.985,1
2875,2026-03-20T01:19:03.975,80.076,1
2876,2026-03-20T01:19:04.063,82.008,1
2877,2026-03-20T01:19:04.158,88.734,1
2878,2026-03-20T01:19:04.244,78.868,1
2879,2026-03-20T01:19:04.330,81.153,1
2880,2026-03-20T01:19:04.415,79.436,1
2881,2026-03-20T01:19:04.504,83.112,1
2882,2026-03-20T01:19:04.613,103.044,1
2883,2026-03-20T01:19:04.711,91.123,1
2884,2026-03-20T01:19:04.793,76.833,1
2885,2026-03-20T01:19:04.877,78.502,1
2886,2026-03-20T01:19:04.967,84.224,1
2887,2026-03-20T01:19:05.054,80.974,1
2888,2026-03-20T01:19:05.139,80.477,1
2889,2026-03-20T01:19:05.230,84.909,1
2890,2026-03-20T01:19:05.321,85.912,1
2891,2026-03-20T01:19:05.406,79.678,1
2892,2026-03-20T01:19:05.489,78.200,1
2893,2026-03-20T01:19:05.576,80.733,1
2894,2026-03-20T01:19:05.661,78.779,1
2895,2026-03-20T01:19:05.749,80.622,1
2896,2026-03-20T01:19:05.837,82.291,1
2897,2026-03-20T01:19:05.922,79.463,1
2898,2026-03-20T01:19:06.012,84.045,1
2899,2026-03-20T01:19:06.102,84.635,1
2900,2026-03-20T01:19:06.187,78.389,1
2901,2026-03-20T01:19:06.271,78.270,1
2902,2026-03-20T01:19:06.353,76.596,1
2903,2026-03-20T01:19:06.434,75.463,1
2904,2026-03-20T01:19:06.526,85.752,1
2905,2026-03-20T01:19:06.612,80.209,1
2906,2026-03-20T01:19:06.698,81.051,1
2907,2026-03-20T01:19:06.784,78.302,1
2908,2026-03-20T01:19:06.864,75.118,1
2909,2026-03-20T01:19:06.955,83.976,1
2910,2026-03-20T01:19:07.041,80.720,1
2911,2026-03-20T01:19:07.136,89.562,1
2912,2026-03-20T01:19:07.229,86.971,1
2913,2026-03-20T01:19:07.316,80.884,1
2914,2026-03-20T01:19:07.404,81.371,1
2915,2026-03-20T01:19:07.489,80.246,1
2916,2026-03-20T01:19:07.580,85.543,1
2917,2026-03-20T01:19:07.671,83.940,1
2918,2026-03-20T01:19:07.757,80.304,1
2919,2026-03-20T01:19:07.845,82.737,1
2920,2026-03-20T01:19:07.928,76.525,1
2921,2026-03-20T01:19:08.016,83.616,1
2922,2026-03-20T01:19:08.107,83.401,1
2923,2026-03-20T01:19:08.191,78.259,1
2924,2026-03-20T01:19:08.281,83.943,1
2925,2026-03-20T01:19:08.376,88.739,1
2926,2026-03-20T01:19:08.460,78.643,1
2927,2026-03-20T01:19:08.549,81.722,1
2928,2026-03-20T01:19:08.640,85.146,1
2929,2026-03-20T01:19:08.728,80.939,1
2930,2026-03-20T01:19:08.808,75.111,1
2931,2026-03-20T01:19:08.892,78.367,1
2932,2026-03-20T01:19:08.973,76.504,1
2933,2026-03-20T01:19:09.059,79.928,1
2934,2026-03-20T01:19:09.146,80.760,1
2935,2026-03-20T01:19:09.233,81.853,1
2936,2026-03-20T01:19:09.320,81.896,1
2937,2026-03-20T01:19:09.405,77.973,1
2938,2026-03-20T01:19:09.491,79.674,1
2939,2026-03-20T01:19:09.576,80.554,1
2940,2026-03-20T01:19:09.664,82.242,1
2941,2026-03-20T01:19:09.754,84.571,1
2942,2026-03-20T01:19:09.845,83.060,1
2943,2026-03-20T01:19:09.931,81.324,1
2944,2026-03-20T01:19:10.019,80.908,1
2945,2026-03-20T01:19:10.103,79.013,1
2946,2026-03-20T01:19:10.191,80.404,1
2947,2026-03-20T01:19:10.282,83.715,1
2948,2026-03-20T01:19:10.371,83.518,1
2949,2026-03-20T01:19:10.464,86.171,1
2950,2026-03-20T01:19:10.555,84.735,1
2951,2026-03-20T01:19:10.645,84.273,1
2952,2026-03-20T01:19:10.735,84.440,1
2953,2026-03-20T01:19:10.823,83.168,1
2954,2026-03-20T01:19:10.916,85.994,1
2955,2026-03-20T01:19:11.005,82.720,1
2956,2026-03-20T01:19:11.094,83.405,1
2957,2026-03-20T01:19:11.177,77.903,1
2958,2026-03-20T01:19:11.266,83.210,1
2959,2026-03-20T01:19:11.351,78.813,1
2960,2026-03-20T01:19:11.433,76.945,1
2961,2026-03-20T01:19:11.520,79.891,1
2962,2026-03-20T01:19:11.604,78.587,1
2963,2026-03-20T01:19:11.688,78.655,1
2964,2026-03-20T01:19:11.774,80.694,1
2965,2026-03-20T01:19:11.862,82.081,1
2966,2026-03-20T01:19:11.941,73.337,1
2967,2026-03-20T01:19:12.024,77.455,1
2968,2026-03-20T01:19:12.116,86.129,1
2969,2026-03-20T01:19:12.231,103.276,1
2970,2026-03-20T01:19:12.327,88.736,1
2971,2026-03-20T01:19:12.423,88.568,1
2972,2026-03-20T01:19:12.510,79.428,1
2973,2026-03-20T01:19:12.595,79.564,1
2974,2026-03-20T01:19:12.683,81.597,1
2975,2026-03-20T01:19:12.763,74.841,1
2976,2026-03-20T01:19:12.858,86.322,1
2977,2026-03-20T01:19:12.941,78.125,1
2978,2026-03-20T01:19:13.028,79.718,1
2979,2026-03-20T01:19:13.110,77.318,1
2980,2026-03-20T01:19:13.200,81.759,1
2981,2026-03-20T01:19:13.290,83.968,1
2982,2026-03-20T01:19:13.375,79.388,1
2983,2026-03-20T01:19:13.454,72.694,1
2984,2026-03-20T01:19:13.538,79.156,1
2985,2026-03-20T01:19:13.623,78.516,1
2986,2026-03-20T01:19:13.710,81.036,1
2987,2026-03-20T01:19:13.794,78.111,1
2988,2026-03-20T01:19:13.879,79.299,1
2989,2026-03-20T01:19:13.964,79.998,1
2990,2026-03-20T01:19:14.049,78.712,1
2991,2026-03-20T01:19:14.136,81.731,1
2992,2026-03-20T01:19:14.220,78.654,1
2993,2026-03-20T01:19:14.308,82.426,1
2994,2026-03-20T01:19:14.392,77.461,1
2995,2026-03-20T01:19:14.480,82.292,1
2996,2026-03-20T01:19:14.563,77.667,1
2997,2026-03-20T01:19:14.647,79.580,1
2998,2026-03-20T01:19:14.734,79.297,1
2999,2026-03-20T01:19:14.821,81.697,1
3000,2026-03-20T01:19:14.905,77.215,1
3001,2026-03-20T01:19:14.988,77.087,1
3002,2026-03-20T01:19:15.073,78.653,1
3003,2026-03-20T01:19:15.162,82.949,1
3004,2026-03-20T01:19:15.251,82.437,1
3005,2026-03-20T01:19:15.337,80.377,1
3006,2026-03-20T01:19:15.423,78.601,1
3007,2026-03-20T01:19:15.506,78.274,1
3008,2026-03-20T01:19:15.588,76.262,1
3009,2026-03-20T01:19:15.677,83.154,1
3010,2026-03-20T01:19:15.758,76.393,1
3011,2026-03-20T01:19:15.843,79.462,1
3012,2026-03-20T01:19:15.926,76.203,1
3013,2026-03-20T01:19:16.011,79.765,1
3014,2026-03-20T01:19:16.095,77.006,1
3015,2026-03-20T01:19:16.175,75.478,1
3016,2026-03-20T01:19:16.261,79.877,1
3017,2026-03-20T01:19:16.353,84.448,1
3018,2026-03-20T01:19:16.445,86.035,1
3019,2026-03-20T01:19:16.535,84.758,1
3020,2026-03-20T01:19:16.620,77.934,1
3021,2026-03-20T01:19:16.702,75.566,1
3022,2026-03-20T01:19:16.786,77.296,1
3023,2026-03-20T01:19:16.872,79.724,1
3024,2026-03-20T01:19:16.957,77.827,1
3025,2026-03-20T01:19:17.039,77.204,1
3026,2026-03-20T01:19:17.132,86.696,1
3027,2026-03-20T01:19:17.228,88.885,1
3028,2026-03-20T01:19:17.317,83.833,1
3029,2026-03-20T01:19:17.408,83.907,1
3030,2026-03-20T01:19:17.495,80.439,1
3031,2026-03-20T01:19:17.578,76.578,1
3032,2026-03-20T01:19:17.672,85.993,1
3033,2026-03-20T01:19:17.754,75.463,1
3034,2026-03-20T01:19:17.837,77.928,1
3035,2026-03-20T01:19:17.922,78.300,1
3036,2026-03-20T01:19:18.004,75.219,1
3037,2026-03-20T01:19:18.085,75.858,1
3038,2026-03-20T01:19:18.163,73.333,1
3039,2026-03-20T01:19:18.250,79.720,1
3040,2026-03-20T01:19:18.331,76.382,1
3041,2026-03-20T01:19:18.412,74.717,1
3042,2026-03-20T01:19:18.492,74.893,1
3043,2026-03-20T01:19:18.574,75.595,1
3044,2026-03-20T01:19:18.657,76.259,1
3045,2026-03-20T01:19:18.742,78.180,1
3046,2026-03-20T01:19:18.824,74.711,1
3047,2026-03-20T01:19:18.913,82.702,1
3048,2026-03-20T01:19:19.003,84.800,1
3049,2026-03-20T01:19:19.084,76.094,1
3050,2026-03-20T01:19:19.173,83.681,1
3051,2026-03-20T01:19:19.251,72.089,1
3052,2026-03-20T01:19:19.334,78.130,1
3053,2026-03-20T01:19:19.422,81.126,1
3054,2026-03-20T01:19:19.507,78.943,1
3055,2026-03-20T01:19:19.589,76.975,1
3056,2026-03-20T01:19:19.672,76.751,1
3057,2026-03-20T01:19:19.752,73.269,1
3058,2026-03-20T01:19:19.831,73.567,1
3059,2026-03-20T01:19:19.920,81.537,1
3060,2026-03-20T01:19:20.004,78.623,1
3061,2026-03-20T01:19:20.087,76.758,1
3062,2026-03-20T01:19:20.171,78.182,1
3063,2026-03-20T01:19:20.256,79.036,1
3064,2026-03-20T01:19:20.341,79.259,1
3065,2026-03-20T01:19:20.422,76.111,1
3066,2026-03-20T01:19:20.502,73.014,1
3067,2026-03-20T01:19:20.583,75.456,1
3068,2026-03-20T01:19:20.663,74.467,1
3069,2026-03-20T01:19:20.746,77.774,1
3070,2026-03-20T01:19:20.834,81.042,1
3071,2026-03-20T01:19:20.920,79.649,1
3072,2026-03-20T01:19:21.000,75.560,1
3073,2026-03-20T01:19:21.086,78.548,1
3074,2026-03-20T01:19:21.170,78.900,1
3075,2026-03-20T01:19:21.257,81.269,1
3076,2026-03-20T01:19:21.345,81.828,1
3077,2026-03-20T01:19:21.430,80.184,1
3078,2026-03-20T01:19:21.510,72.799,1
3079,2026-03-20T01:19:21.599,82.053,1
3080,2026-03-20T01:19:21.685,79.853,1
3081,2026-03-20T01:19:21.768,77.654,1
3082,2026-03-20T01:19:21.860,87.816,1
3083,2026-03-20T01:19:21.949,83.198,1
3084,2026-03-20T01:19:22.040,84.327,1
3085,2026-03-20T01:19:22.126,80.424,1
3086,2026-03-20T01:19:22.215,81.987,1
3087,2026-03-20T01:19:22.300,79.866,1
3088,2026-03-20T01:19:22.396,89.541,1
3089,2026-03-20T01:19:22.483,81.765,1
3090,2026-03-20T01:19:22.566,77.751,1
3091,2026-03-20T01:19:22.652,80.479,1
3092,2026-03-20T01:19:22.738,80.193,1
3093,2026-03-20T01:19:22.826,81.808,1
3094,2026-03-20T01:19:22.906,74.593,1
3095,2026-03-20T01:19:22.994,81.708,1
3096,2026-03-20T01:19:23.081,80.860,1
3097,2026-03-20T01:19:23.167,78.531,1
3098,2026-03-20T01:19:23.253,81.252,1
3099,2026-03-20T01:19:23.342,82.176,1
3100,2026-03-20T01:19:23.432,84.313,1
3101,2026-03-20T01:19:23.521,81.886,1
3102,2026-03-20T01:19:23.608,82.530,1
3103,2026-03-20T01:19:23.700,85.942,1
3104,2026-03-20T01:19:23.788,82.983,1
3105,2026-03-20T01:19:23.867,72.119,1
3106,2026-03-20T01:19:23.951,79.443,1
3107,2026-03-20T01:19:24.040,83.002,1
3108,2026-03-20T01:19:24.125,79.604,1
3109,2026-03-20T01:19:24.214,81.314,1
3110,2026-03-20T01:19:24.299,80.585,1
3111,2026-03-20T01:19:24.384,79.221,1
3112,2026-03-20T01:19:24.459,69.046,1
3113,2026-03-20T01:19:24.545,80.906,1
3114,2026-03-20T01:19:24.629,79.243,1
3115,2026-03-20T01:19:24.716,81.959,1
3116,2026-03-20T01:19:24.798,75.506,1
3117,2026-03-20T01:19:24.885,81.072,1
3118,2026-03-20T01:19:24.971,80.485,1
3119,2026-03-20T01:19:25.053,76.105,1
3120,2026-03-20T01:19:25.144,83.604,1
3121,2026-03-20T01:19:25.229,79.989,1
3122,2026-03-20T01:19:25.313,78.723,1
3123,2026-03-20T01:19:25.395,74.890,1
3124,2026-03-20T01:19:25.482,81.336,1
3125,2026-03-20T01:19:25.572,83.759,1
3126,2026-03-20T01:19:25.663,84.988,1
3127,2026-03-20T01:19:25.752,83.080,1
3128,2026-03-20T01:19:25.846,87.772,1
3129,2026-03-20T01:19:25.936,83.643,1
3130,2026-03-20T01:19:26.025,83.209,1
3131,2026-03-20T01:19:26.113,82.387,1
3132,2026-03-20T01:19:26.205,85.989,1
3133,2026-03-20T01:19:26.289,78.745,1
3134,2026-03-20T01:19:26.381,86.055,1
3135,2026-03-20T01:19:26.469,83.162,1
3136,2026-03-20T01:19:26.558,82.478,1
3137,2026-03-20T01:19:26.649,84.803,1
3138,2026-03-20T01:19:26.743,89.012,1
3139,2026-03-20T01:19:26.836,86.896,1
3140,2026-03-20T01:19:26.926,82.571,1
3141,2026-03-20T01:19:27.014,82.283,1
3142,2026-03-20T01:19:27.105,84.648,1
3143,2026-03-20T01:19:27.199,87.999,1
3144,2026-03-20T01:19:27.286,80.335,1
3145,2026-03-20T01:19:27.376,84.858,1
3146,2026-03-20T01:19:27.463,81.060,1
3147,2026-03-20T01:19:27.548,78.789,1
3148,2026-03-20T01:19:27.638,84.350,1
3149,2026-03-20T01:19:27.726,83.975,1
3150,2026-03-20T01:19:27.813,80.542,1
3151,2026-03-20T01:19:27.895,77.024,1
3152,2026-03-20T01:19:27.980,78.575,1
3153,2026-03-20T01:19:28.061,76.742,1
3154,2026-03-20T01:19:28.147,80.015,1
3155,2026-03-20T01:19:28.234,79.642,1
3156,2026-03-20T01:19:28.321,80.796,1
3157,2026-03-20T01:19:28.404,77.992,1
3158,2026-03-20T01:19:28.485,73.798,1
3159,2026-03-20T01:19:28.572,81.740,1
3160,2026-03-20T01:19:28.665,87.188,1
3161,2026-03-20T01:19:28.753,82.222,1
3162,2026-03-20T01:19:28.838,79.506,1
3163,2026-03-20T01:19:28.917,73.394,1
3164,2026-03-20T01:19:29.001,78.342,1
3165,2026-03-20T01:19:29.086,78.868,1
3166,2026-03-20T01:19:29.172,79.217,1
3167,2026-03-20T01:19:29.261,83.796,1
3168,2026-03-20T01:19:29.356,88.524,1
3169,2026-03-20T01:19:29.443,79.759,1
3170,2026-03-20T01:19:29.523,73.259,1
3171,2026-03-20T01:19:29.613,82.736,1
3172,2026-03-20T01:19:29.699,79.104,1
3173,2026-03-20T01:19:29.780,76.100,1
3174,2026-03-20T01:19:29.863,78.268,1
3175,2026-03-20T01:19:29.954,83.594,1
3176,2026-03-20T01:19:30.035,75.324,1
3177,2026-03-20T01:19:30.119,76.945,1
3178,2026-03-20T01:19:30.205,79.919,1
3179,2026-03-20T01:19:30.292,81.584,1
3180,2026-03-20T01:19:30.376,78.449,1
3181,2026-03-20T01:19:30.464,83.004,1
3182,2026-03-20T01:19:30.556,86.163,1
3183,2026-03-20T01:19:30.644,82.523,1
3184,2026-03-20T01:19:30.736,86.855,1
3185,2026-03-20T01:19:30.824,81.816,1
3186,2026-03-20T01:19:30.914,83.208,1
3187,2026-03-20T01:19:31.003,82.566,1
3188,2026-03-20T01:19:31.084,74.209,1
3189,2026-03-20T01:19:31.170,79.007,1
3190,2026-03-20T01:19:31.253,76.217,1
3191,2026-03-20T01:19:31.344,86.271,1
3192,2026-03-20T01:19:31.430,79.547,1
3193,2026-03-20T01:19:31.520,83.989,1
3194,2026-03-20T01:19:31.611,84.502,1
3195,2026-03-20T01:19:31.698,81.306,1
3196,2026-03-20T01:19:31.790,85.619,1
3197,2026-03-20T01:19:31.881,86.115,1
3198,2026-03-20T01:19:31.969,82.550,1
3199,2026-03-20T01:19:32.061,85.771,1
3200,2026-03-20T01:19:32.153,86.881,1
3201,2026-03-20T01:19:32.232,72.439,1
3202,2026-03-20T01:19:32.315,76.842,1
3203,2026-03-20T01:19:32.403,81.213,1
3204,2026-03-20T01:19:32.471,62.491,1
3205,2026-03-20T01:19:32.549,72.459,1
3206,2026-03-20T01:19:32.631,76.423,1
3207,2026-03-20T01:19:32.721,84.256,1
3208,2026-03-20T01:19:32.819,90.618,1
3209,2026-03-20T01:19:32.908,81.289,1
3210,2026-03-20T01:19:32.992,79.170,1
3211,2026-03-20T01:19:33.088,89.069,1
3212,2026-03-20T01:19:33.180,86.747,1
3213,2026-03-20T01:19:33.269,82.516,1
3214,2026-03-20T01:19:33.363,86.728,1
3215,2026-03-20T01:19:33.459,89.926,1
3216,2026-03-20T01:19:33.553,86.790,1
3217,2026-03-20T01:19:33.658,99.887,1
3218,2026-03-20T01:19:33.753,88.741,1
3219,2026-03-20T01:19:33.847,86.635,1
3220,2026-03-20T01:19:33.937,84.273,1
3221,2026-03-20T01:19:34.028,86.152,1
3222,2026-03-20T01:19:34.121,85.837,1
3223,2026-03-20T01:19:34.214,88.096,1
3224,2026-03-20T01:19:34.301,79.542,1
3225,2026-03-20T01:19:34.398,90.624,1
3226,2026-03-20T01:19:34.488,83.024,1
3227,2026-03-20T01:19:34.581,88.038,1
3228,2026-03-20T01:19:34.668,79.980,1
3229,2026-03-20T01:19:34.755,82.095,1
3230,2026-03-20T01:19:34.845,82.940,1
3231,2026-03-20T01:19:34.929,78.953,1
3232,2026-03-20T01:19:35.027,91.663,1
3233,2026-03-20T01:19:35.123,89.288,1
3234,2026-03-20T01:19:35.214,84.076,1
3235,2026-03-20T01:19:35.319,98.149,1
3236,2026-03-20T01:19:35.413,88.953,1
3237,2026-03-20T01:19:35.506,87.244,1
3238,2026-03-20T01:19:35.603,89.542,1
3239,2026-03-20T01:19:35.690,81.782,1
3240,2026-03-20T01:19:35.786,89.390,1
3241,2026-03-20T01:19:35.875,83.306,1
3242,2026-03-20T01:19:35.961,80.173,1
3243,2026-03-20T01:19:36.066,98.192,1
3244,2026-03-20T01:19:36.187,114.906,1
3245,2026-03-20T01:19:36.294,101.407,1
3246,2026-03-20T01:19:36.409,109.103,1
3247,2026-03-20T01:19:36.515,99.108,1
3248,2026-03-20T01:19:36.627,103.058,1
3249,2026-03-20T01:19:36.717,85.639,1
3250,2026-03-20T01:19:36.812,88.098,1
3251,2026-03-20T01:19:36.905,85.319,1
3252,2026-03-20T01:19:36.999,88.043,1
3253,2026-03-20T01:19:37.091,87.214,1
3254,2026-03-20T01:19:37.180,82.296,1
3255,2026-03-20T01:19:37.267,81.784,1
3256,2026-03-20T01:19:37.360,86.778,1
3257,2026-03-20T01:19:37.453,87.869,1
3258,2026-03-20T01:19:37.545,86.251,1
3259,2026-03-20T01:19:37.638,87.849,1
3260,2026-03-20T01:19:37.730,85.824,1
3261,2026-03-20T01:19:37.815,79.563,1
3262,2026-03-20T01:19:37.913,92.960,1
3263,2026-03-20T01:19:37.999,79.535,1
3264,2026-03-20T01:19:38.089,83.631,1
3265,2026-03-20T01:19:38.178,82.685,1
3266,2026-03-20T01:19:38.260,74.701,1
3267,2026-03-20T01:19:38.347,81.202,1
3268,2026-03-20T01:19:38.440,87.015,1
3269,2026-03-20T01:19:38.533,87.105,1
3270,2026-03-20T01:19:38.625,85.668,1
3271,2026-03-20T01:19:38.718,88.789,1
3272,2026-03-20T01:19:38.808,85.058,1
3273,2026-03-20T01:19:38.896,81.349,1
3274,2026-03-20T01:19:38.984,82.656,1
3275,2026-03-20T01:19:39.070,79.279,1
3276,2026-03-20T01:19:39.160,84.074,1
3277,2026-03-20T01:19:39.249,83.791,1
3278,2026-03-20T01:19:39.341,87.523,1
3279,2026-03-20T01:19:39.425,78.058,1
3280,2026-03-20T01:19:39.504,73.988,1
3281,2026-03-20T01:19:39.592,82.600,1
3282,2026-03-20T01:19:39.687,89.093,1
3283,2026-03-20T01:19:39.773,80.542,1
3284,2026-03-20T01:19:39.863,82.490,1
3285,2026-03-20T01:19:39.941,72.484,1
3286,2026-03-20T01:19:40.029,82.471,1
3287,2026-03-20T01:19:40.118,83.101,1
3288,2026-03-20T01:19:40.205,81.566,1
3289,2026-03-20T01:19:40.289,78.968,1
3290,2026-03-20T01:19:40.385,88.352,1
3291,2026-03-20T01:19:40.475,84.066,1
3292,2026-03-20T01:19:40.558,76.854,1
3293,2026-03-20T01:19:40.650,87.292,1
3294,2026-03-20T01:19:40.736,81.116,1
3295,2026-03-20T01:19:40.819,77.995,1
3296,2026-03-20T01:19:40.910,84.819,1
3297,2026-03-20T01:19:41.004,88.932,1
3298,2026-03-20T01:19:41.090,79.834,1
3299,2026-03-20T01:19:41.181,85.555,1
3300,2026-03-20T01:19:41.274,85.347,1
3301,2026-03-20T01:19:41.366,85.572,1
3302,2026-03-20T01:19:41.457,85.982,1
3303,2026-03-20T01:19:41.541,79.444,1
3304,2026-03-20T01:19:41.632,85.260,1
3305,2026-03-20T01:19:41.717,79.194,1
3306,2026-03-20T01:19:41.811,88.553,1
3307,2026-03-20T01:19:41.907,90.603,1
3308,2026-03-20T01:19:41.990,77.256,1
3309,2026-03-20T01:19:42.071,76.540,1
3310,2026-03-20T01:19:42.166,90.086,1
3311,2026-03-20T01:19:42.256,84.383,1
3312,2026-03-20T01:19:42.342,79.666,1
3313,2026-03-20T01:19:42.427,80.338,1
3314,2026-03-20T01:19:42.516,82.224,1
3315,2026-03-20T01:19:42.601,80.580,1
3316,2026-03-20T01:19:42.690,82.490,1
3317,2026-03-20T01:19:42.778,82.628,1
3318,2026-03-20T01:19:42.874,88.766,1
3319,2026-03-20T01:19:42.964,84.799,1
3320,2026-03-20T01:19:43.060,90.756,1
3321,2026-03-20T01:19:43.155,88.840,1
3322,2026-03-20T01:19:43.245,84.951,1
3323,2026-03-20T01:19:43.330,79.407,1
3324,2026-03-20T01:19:43.420,84.071,1
3325,2026-03-20T01:19:43.509,83.447,1
3326,2026-03-20T01:19:43.602,85.828,1
3327,2026-03-20T01:19:43.686,78.278,1
3328,2026-03-20T01:19:43.776,84.320,1
3329,2026-03-20T01:19:43.865,84.328,1
3330,2026-03-20T01:19:43.949,78.452,1
3331,2026-03-20T01:19:44.042,87.858,1
3332,2026-03-20T01:19:44.136,87.462,1
3333,2026-03-20T01:19:44.222,80.954,1
3334,2026-03-20T01:19:44.309,80.820,1
3335,2026-03-20T01:19:44.398,83.677,1
3336,2026-03-20T01:19:44.491,86.405,1
3337,2026-03-20T01:19:44.580,82.673,1
3338,2026-03-20T01:19:44.675,88.331,1
3339,2026-03-20T01:19:44.764,83.905,1
3340,2026-03-20T01:19:44.853,84.204,1
3341,2026-03-20T01:19:44.944,84.591,1
3342,2026-03-20T01:19:45.032,82.362,1
3343,2026-03-20T01:19:45.116,77.538,1
3344,2026-03-20T01:19:45.197,75.045,1
3345,2026-03-20T01:19:45.289,86.748,1
3346,2026-03-20T01:19:45.375,78.534,1
3347,2026-03-20T01:19:45.458,76.635,1
3348,2026-03-20T01:19:45.542,77.837,1
3349,2026-03-20T01:19:45.630,81.638,1
3350,2026-03-20T01:19:45.713,77.614,1
3351,2026-03-20T01:19:45.799,78.901,1
3352,2026-03-20T01:19:45.885,81.232,1
3353,2026-03-20T01:19:45.968,77.586,1
3354,2026-03-20T01:19:46.050,76.359,1
3355,2026-03-20T01:19:46.134,78.597,1
3356,2026-03-20T01:19:46.223,81.151,1
3357,2026-03-20T01:19:46.313,83.557,1
3358,2026-03-20T01:19:46.398,79.504,1
3359,2026-03-20T01:19:46.479,75.406,1
3360,2026-03-20T01:19:46.568,82.423,1
3361,2026-03-20T01:19:46.657,83.459,1
3362,2026-03-20T01:19:46.736,73.851,1
3363,2026-03-20T01:19:46.826,83.695,1
3364,2026-03-20T01:19:46.923,91.475,1
3365,2026-03-20T01:19:47.004,75.104,1
3366,2026-03-20T01:19:47.085,76.232,1
3367,2026-03-20T01:19:47.175,84.718,1
3368,2026-03-20T01:19:47.258,76.488,1
3369,2026-03-20T01:19:47.340,76.613,1
3370,2026-03-20T01:19:47.427,81.901,1
3371,2026-03-20T01:19:47.515,82.419,1
3372,2026-03-20T01:19:47.600,79.038,1
3373,2026-03-20T01:19:47.693,87.350,1
3374,2026-03-20T01:19:47.773,74.937,1
3375,2026-03-20T01:19:47.853,74.445,1
3376,2026-03-20T01:19:47.938,78.609,1
3377,2026-03-20T01:19:48.023,79.698,1
3378,2026-03-20T01:19:48.107,79.058,1
3379,2026-03-20T01:19:48.191,77.401,1
3380,2026-03-20T01:19:48.277,80.855,1
3381,2026-03-20T01:19:48.366,83.263,1
3382,2026-03-20T01:19:48.447,73.990,1
3383,2026-03-20T01:19:48.529,77.307,1
3384,2026-03-20T01:19:48.623,87.860,1
3385,2026-03-20T01:19:48.708,80.027,1
3386,2026-03-20T01:19:48.795,80.017,1
3387,2026-03-20T01:19:48.890,89.153,1
3388,2026-03-20T01:19:48.980,82.434,1
3389,2026-03-20T01:19:49.071,85.293,1
3390,2026-03-20T01:19:49.161,82.613,1
3391,2026-03-20T01:19:49.250,83.312,1
3392,2026-03-20T01:19:49.339,83.673,1
3393,2026-03-20T01:19:49.435,90.434,1
3394,2026-03-20T01:19:49.533,92.226,1
3395,2026-03-20T01:19:49.625,86.781,1
3396,2026-03-20T01:19:49.713,81.110,1
3397,2026-03-20T01:19:49.797,79.446,1
3398,2026-03-20T01:19:49.885,82.543,1
3399,2026-03-20T01:19:49.975,84.097,1
3400,2026-03-20T01:19:50.064,83.148,1
3401,2026-03-20T01:19:50.153,84.584,1
3402,2026-03-20T01:19:50.245,85.480,1
3403,2026-03-20T01:19:50.335,84.422,1
3404,2026-03-20T01:19:50.422,82.247,1
3405,2026-03-20T01:19:50.507,80.241,1
3406,2026-03-20T01:19:50.592,79.365,1
3407,2026-03-20T01:19:50.674,76.851,1
3408,2026-03-20T01:19:50.765,83.923,1
3409,2026-03-20T01:19:50.854,84.584,1
3410,2026-03-20T01:19:50.940,79.543,1
3411,2026-03-20T01:19:51.024,77.765,1
3412,2026-03-20T01:19:51.119,87.997,1
3413,2026-03-20T01:19:51.202,76.268,1
3414,2026-03-20T01:19:51.294,87.094,1
3415,2026-03-20T01:19:51.384,82.828,1
3416,2026-03-20T01:19:51.475,85.294,1
3417,2026-03-20T01:19:51.555,74.667,1
3418,2026-03-20T01:19:51.629,67.967,1
3419,2026-03-20T01:19:51.720,85.908,1
3420,2026-03-20T01:19:51.798,70.375,1
3421,2026-03-20T01:19:51.882,78.672,1
3422,2026-03-20T01:19:51.960,72.124,1
3423,2026-03-20T01:19:52.037,71.669,1
3424,2026-03-20T01:19:52.117,75.594,1
3425,2026-03-20T01:19:52.208,84.239,1
3426,2026-03-20T01:19:52.294,77.975,1
3427,2026-03-20T01:19:52.376,76.391,1
3428,2026-03-20T01:19:52.463,81.943,1
3429,2026-03-20T01:19:52.544,74.945,1
3430,2026-03-20T01:19:52.626,77.002,1
3431,2026-03-20T01:19:52.702,70.910,1
3432,2026-03-20T01:19:52.775,67.291,1
3433,2026-03-20T01:19:52.860,78.753,1
3434,2026-03-20T01:19:52.946,81.129,1
3435,2026-03-20T01:19:53.031,78.339,1
3436,2026-03-20T01:19:53.115,78.604,1
3437,2026-03-20T01:19:53.200,77.518,1
3438,2026-03-20T01:19:53.281,75.740,1
3439,2026-03-20T01:19:53.361,74.328,1
3440,2026-03-20T01:19:53.447,80.348,1
3441,2026-03-20T01:19:53.536,82.609,1
3442,2026-03-20T01:19:53.616,74.512,1
3443,2026-03-20T01:19:53.698,77.314,1
3444,2026-03-20T01:19:53.779,75.700,1
3445,2026-03-20T01:19:53.860,75.965,1
3446,2026-03-20T01:19:53.943,76.660,1
3447,2026-03-20T01:19:54.032,82.979,1
3448,2026-03-20T01:19:54.112,74.123,1
3449,2026-03-20T01:19:54.189,72.229,1
3450,2026-03-20T01:19:54.276,81.348,1
3451,2026-03-20T01:19:54.358,76.292,1
3452,2026-03-20T01:19:54.440,75.970,1
3453,2026-03-20T01:19:54.527,81.207,1
3454,2026-03-20T01:19:54.607,74.481,1
3455,2026-03-20T01:19:54.688,75.746,1
3456,2026-03-20T01:19:54.773,79.451,1
3457,2026-03-20T01:19:54.853,75.434,1
3458,2026-03-20T01:19:54.937,76.865,1
3459,2026-03-20T01:19:55.023,80.449,1
3460,2026-03-20T01:19:55.105,75.977,1
3461,2026-03-20T01:19:55.190,79.987,1
3462,2026-03-20T01:19:55.272,76.840,1
3463,2026-03-20T01:19:55.358,80.116,1
3464,2026-03-20T01:19:55.441,77.242,1
3465,2026-03-20T01:19:55.524,77.705,1
3466,2026-03-20T01:19:55.610,78.645,1
3467,2026-03-20T01:19:55.693,78.649,1
3468,2026-03-20T01:19:55.778,79.217,1
3469,2026-03-20T01:19:55.864,78.646,1
3470,2026-03-20T01:19:55.950,80.971,1
3471,2026-03-20T01:19:56.035,78.778,1
3472,2026-03-20T01:19:56.117,76.781,1
3473,2026-03-20T01:19:56.201,78.017,1
3474,2026-03-20T01:19:56.288,79.374,1
3475,2026-03-20T01:19:56.373,78.007,1
3476,2026-03-20T01:19:56.456,78.259,1
3477,2026-03-20T01:19:56.535,73.340,1
3478,2026-03-20T01:19:56.617,76.759,1
3479,2026-03-20T01:19:56.706,81.243,1
3480,2026-03-20T01:19:56.788,76.984,1
3481,2026-03-20T01:19:56.872,79.400,1
3482,2026-03-20T01:19:56.958,79.242,1
3483,2026-03-20T01:19:57.040,76.370,1
3484,2026-03-20T01:19:57.127,79.856,1
3485,2026-03-20T01:19:57.218,84.275,1
3486,2026-03-20T01:19:57.313,89.188,1
3487,2026-03-20T01:19:57.397,78.111,1
3488,2026-03-20T01:19:57.480,77.826,1
3489,2026-03-20T01:19:57.565,78.091,1
3490,2026-03-20T01:19:57.647,75.146,1
3491,2026-03-20T01:19:57.724,72.610,1
3492,2026-03-20T01:19:57.805,73.273,1
3493,2026-03-20T01:19:57.876,65.731,1
3494,2026-03-20T01:19:57.953,71.982,1
3495,2026-03-20T01:19:58.022,63.658,1
3496,2026-03-20T01:19:58.094,66.675,1
3497,2026-03-20T01:19:58.176,77.769,1
3498,2026-03-20T01:19:58.264,81.906,1
3499,2026-03-20T01:19:58.341,71.311,1
3500,2026-03-20T01:19:58.422,75.312,1
3501,2026-03-20T01:19:58.505,78.316,1
3502,2026-03-20T01:19:58.588,77.125,1
3503,2026-03-20T01:19:58.671,78.384,1
3504,2026-03-20T01:19:58.761,83.839,1
3505,2026-03-20T01:19:58.849,82.129,1
3506,2026-03-20T01:19:58.940,84.616,1
3507,2026-03-20T01:19:59.027,81.446,1
3508,2026-03-20T01:19:59.116,83.545,1
3509,2026-03-20T01:19:59.201,78.702,1
3510,2026-03-20T01:19:59.288,82.173,1
3511,2026-03-20T01:19:59.373,79.369,1
3512,2026-03-20T01:19:59.457,76.704,1
3513,2026-03-20T01:19:59.544,82.391,1
3514,2026-03-20T01:19:59.628,79.612,1
3515,2026-03-20T01:19:59.715,80.832,1
3516,2026-03-20T01:19:59.801,81.382,1
3517,2026-03-20T01:19:59.888,80.631,1
3518,2026-03-20T01:19:59.976,82.865,1
3519,2026-03-20T01:20:00.062,80.277,1
3520,2026-03-20T01:20:00.148,79.527,1
3521,2026-03-20T01:20:00.242,88.718,1
3522,2026-03-20T01:20:00.324,76.601,1
3523,2026-03-20T01:20:00.413,82.299,1
3524,2026-03-20T01:20:00.507,86.671,1
3525,2026-03-20T01:20:00.595,82.128,1
3526,2026-03-20T01:20:00.679,79.184,1
3527,2026-03-20T01:20:00.768,82.633,1
3528,2026-03-20T01:20:00.866,92.665,1
3529,2026-03-20T01:20:00.958,85.226,1
3530,2026-03-20T01:20:01.044,78.620,1
3531,2026-03-20T01:20:01.135,84.444,1
3532,2026-03-20T01:20:01.226,86.250,1
3533,2026-03-20T01:20:01.314,81.013,1
3534,2026-03-20T01:20:01.404,84.509,1
3535,2026-03-20T01:20:01.495,85.588,1
3536,2026-03-20T01:20:01.580,79.624,1
3537,2026-03-20T01:20:01.675,88.757,1
3538,2026-03-20T01:20:01.766,85.803,1
3539,2026-03-20T01:20:01.860,85.505,1
3540,2026-03-20T01:20:01.948,82.463,1
3541,2026-03-20T01:20:02.035,80.865,1
3542,2026-03-20T01:20:02.119,78.426,1
3543,2026-03-20T01:20:02.214,86.383,1
3544,2026-03-20T01:20:02.300,80.961,1
3545,2026-03-20T01:20:02.394,86.251,1
3546,2026-03-20T01:20:02.483,83.401,1
3547,2026-03-20T01:20:02.579,89.448,1
3548,2026-03-20T01:20:02.666,82.086,1
3549,2026-03-20T01:20:02.750,77.774,1
3550,2026-03-20T01:20:02.836,80.077,1
3551,2026-03-20T01:20:02.929,87.621,1
3552,2026-03-20T01:20:03.017,81.955,1
3553,2026-03-20T01:20:03.110,87.514,1
3554,2026-03-20T01:20:03.196,78.282,1
3555,2026-03-20T01:20:03.291,89.478,1
3556,2026-03-20T01:20:03.379,81.543,1
3557,2026-03-20T01:20:03.473,88.042,1
3558,2026-03-20T01:20:03.560,81.426,1
3559,2026-03-20T01:20:03.650,83.272,1
3560,2026-03-20T01:20:03.746,87.310,1
3561,2026-03-20T01:20:03.837,85.389,1
3562,2026-03-20T01:20:03.919,77.571,1
3563,2026-03-20T01:20:04.010,84.821,1
3564,2026-03-20T01:20:04.096,80.602,1
3565,2026-03-20T01:20:04.183,79.844,1
3566,2026-03-20T01:20:04.272,83.409,1
3567,2026-03-20T01:20:04.352,74.494,1
3568,2026-03-20T01:20:04.440,80.683,1
3569,2026-03-20T01:20:04.528,82.520,1
3570,2026-03-20T01:20:04.621,87.579,1
3571,2026-03-20T01:20:04.708,81.510,1
3572,2026-03-20T01:20:04.797,82.306,1
3573,2026-03-20T01:20:04.892,90.300,1
3574,2026-03-20T01:20:04.980,81.726,1
3575,2026-03-20T01:20:05.074,88.916,1
3576,2026-03-20T01:20:05.157,78.212,1
3577,2026-03-20T01:20:05.246,83.384,1
3578,2026-03-20T01:20:05.320,67.352,1
3579,2026-03-20T01:20:05.398,73.173,1
3580,2026-03-20T01:20:05.478,75.133,1
3581,2026-03-20T01:20:05.552,67.389,1
3582,2026-03-20T01:20:05.627,70.603,1
3583,2026-03-20T01:20:05.702,69.751,1
3584,2026-03-20T01:20:05.783,76.097,1
3585,2026-03-20T01:20:05.865,77.114,1
3586,2026-03-20T01:20:05.946,75.758,1
3587,2026-03-20T01:20:06.024,73.074,1
3588,2026-03-20T01:20:06.098,68.627,1
3589,2026-03-20T01:20:06.183,79.316,1
3590,2026-03-20T01:20:06.265,76.280,1
3591,2026-03-20T01:20:06.351,79.629,1
3592,2026-03-20T01:20:06.433,75.799,1
3593,2026-03-20T01:20:06.519,80.902,1
3594,2026-03-20T01:20:06.600,73.172,1
3595,2026-03-20T01:20:06.686,80.760,1
3596,2026-03-20T01:20:06.763,71.539,1
3597,2026-03-20T01:20:06.843,74.537,1
3598,2026-03-20T01:20:06.924,75.559,1
3599,2026-03-20T01:20:07.000,70.013,1
3600,2026-03-20T01:20:07.072,67.239,1
3601,2026-03-20T01:20:07.150,71.866,1
3602,2026-03-20T01:20:07.235,78.216,1
3603,2026-03-20T01:20:07.323,82.716,1
3604,2026-03-20T01:20:07.407,77.445,1
3605,2026-03-20T01:20:07.489,77.212,1
3606,2026-03-20T01:20:07.568,73.614,1
3607,2026-03-20T01:20:07.651,77.789,1
3608,2026-03-20T01:20:07.727,70.512,1
3609,2026-03-20T01:20:07.804,71.535,1
3610,2026-03-20T01:20:07.890,81.053,1
3611,2026-03-20T01:20:07.974,78.647,1
3612,2026-03-20T01:20:08.057,77.475,1
3613,2026-03-20T01:20:08.140,76.923,1
3614,2026-03-20T01:20:08.217,71.510,1
3615,2026-03-20T01:20:08.303,79.677,1
3616,2026-03-20T01:20:08.389,78.859,1
3617,2026-03-20T01:20:08.469,74.779,1
3618,2026-03-20T01:20:08.548,73.764,1
3619,2026-03-20T01:20:08.630,76.423,1
3620,2026-03-20T01:20:08.712,76.239,1
3621,2026-03-20T01:20:08.796,78.213,1
3622,2026-03-20T01:20:08.887,85.216,1
3623,2026-03-20T01:20:08.970,77.953,1
3624,2026-03-20T01:20:09.058,80.945,1
3625,2026-03-20T01:20:09.145,81.125,1
3626,2026-03-20T01:20:09.227,77.143,1
3627,2026-03-20T01:20:09.315,82.772,1
3628,2026-03-20T01:20:09.402,81.970,1
3629,2026-03-20T01:20:09.486,77.785,1
3630,2026-03-20T01:20:09.574,82.474,1
3631,2026-03-20T01:20:09.658,78.780,1
3632,2026-03-20T01:20:09.740,77.437,1
3633,2026-03-20T01:20:09.822,76.911,1
3634,2026-03-20T01:20:09.905,77.196,1
3635,2026-03-20T01:20:09.987,76.063,1
3636,2026-03-20T01:20:10.070,76.662,1
3637,2026-03-20T01:20:10.153,77.793,1
3638,2026-03-20T01:20:10.243,83.852,1
3639,2026-03-20T01:20:10.329,80.560,1
3640,2026-03-20T01:20:10.414,78.756,1
3641,2026-03-20T01:20:10.507,86.682,1
3642,2026-03-20T01:20:10.599,83.466,1
3643,2026-03-20T01:20:10.692,86.892,1
3644,2026-03-20T01:20:10.774,77.672,1
3645,2026-03-20T01:20:10.865,85.316,1
3646,2026-03-20T01:20:10.948,76.853,1
3647,2026-03-20T01:20:11.033,79.772,1
3648,2026-03-20T01:20:11.117,79.263,1
3649,2026-03-20T01:20:11.201,75.655,1
3650,2026-03-20T01:20:11.281,74.979,1
3651,2026-03-20T01:20:11.364,76.299,1
3652,2026-03-20T01:20:11.451,82.916,1
3653,2026-03-20T01:20:11.539,81.953,1
3654,2026-03-20T01:20:11.622,76.545,1
3655,2026-03-20T01:20:11.704,77.274,1
3656,2026-03-20T01:20:11.797,87.317,1
3657,2026-03-20T01:20:11.879,76.263,1
3658,2026-03-20T01:20:11.965,80.504,1
3659,2026-03-20T01:20:12.049,77.315,1
3660,2026-03-20T01:20:12.137,82.368,1
3661,2026-03-20T01:20:12.224,81.494,1
3662,2026-03-20T01:20:12.313,84.080,1
3663,2026-03-20T01:20:12.402,83.027,1
3664,2026-03-20T01:20:12.489,80.512,1
3665,2026-03-20T01:20:12.572,77.995,1
3666,2026-03-20T01:20:12.657,79.428,1
3667,2026-03-20T01:20:12.739,76.792,1
3668,2026-03-20T01:20:12.823,78.722,1
3669,2026-03-20T01:20:12.909,80.390,1
3670,2026-03-20T01:20:12.993,78.703,1
3671,2026-03-20T01:20:13.077,77.240,1
3672,2026-03-20T01:20:13.162,80.070,1
3673,2026-03-20T01:20:13.248,79.520,1
3674,2026-03-20T01:20:13.330,75.131,1
3675,2026-03-20T01:20:13.410,74.869,1
3676,2026-03-20T01:20:13.491,74.503,1
3677,2026-03-20T01:20:13.568,70.933,1
3678,2026-03-20T01:20:13.649,75.534,1
3679,2026-03-20T01:20:13.733,77.690,1
3680,2026-03-20T01:20:13.814,75.616,1
3681,2026-03-20T01:20:13.891,72.340,1
3682,2026-03-20T01:20:13.972,75.185,1
3683,2026-03-20T01:20:14.053,76.229,1
3684,2026-03-20T01:20:14.135,77.227,1
3685,2026-03-20T01:20:14.219,78.334,1
3686,2026-03-20T01:20:14.304,80.087,1
3687,2026-03-20T01:20:14.391,80.389,1
3688,2026-03-20T01:20:14.468,72.126,1
3689,2026-03-20T01:20:14.550,76.371,1
3690,2026-03-20T01:20:14.637,82.829,1
3691,2026-03-20T01:20:14.721,77.638,1
3692,2026-03-20T01:20:14.808,81.292,1
3693,2026-03-20T01:20:14.891,77.373,1
3694,2026-03-20T01:20:14.972,75.905,1
3695,2026-03-20T01:20:15.058,80.362,1
3696,2026-03-20T01:20:15.147,84.186,1
3697,2026-03-20T01:20:15.232,79.352,1
3698,2026-03-20T01:20:15.316,79.417,1
3699,2026-03-20T01:20:15.397,75.544,1
3700,2026-03-20T01:20:15.474,70.869,1
3701,2026-03-20T01:20:15.557,78.355,1
3702,2026-03-20T01:20:15.639,74.528,1
3703,2026-03-20T01:20:15.724,79.465,1
3704,2026-03-20T01:20:15.806,76.429,1
3705,2026-03-20T01:20:15.892,80.653,1
3706,2026-03-20T01:20:15.974,76.695,1
3707,2026-03-20T01:20:16.053,74.063,1
3708,2026-03-20T01:20:16.134,75.207,1
3709,2026-03-20T01:20:16.206,65.624,1
3710,2026-03-20T01:20:16.287,76.530,1
3711,2026-03-20T01:20:16.381,86.635,1
3712,2026-03-20T01:20:16.471,82.281,1
3713,2026-03-20T01:20:16.558,82.039,1
3714,2026-03-20T01:20:16.646,83.058,1
3715,2026-03-20T01:20:16.734,82.024,1
3716,2026-03-20T01:20:16.820,80.010,1
3717,2026-03-20T01:20:16.911,85.985,1
3718,2026-03-20T01:20:17.005,88.090,1
3719,2026-03-20T01:20:17.093,82.777,1
3720,2026-03-20T01:20:17.185,86.375,1
3721,2026-03-20T01:20:17.278,86.287,1
3722,2026-03-20T01:20:17.375,91.020,1
3723,2026-03-20T01:20:17.463,82.254,1
3724,2026-03-20T01:20:17.553,87.507,1
3725,2026-03-20T01:20:17.642,82.182,1
3726,2026-03-20T01:20:17.728,79.931,1
3727,2026-03-20T01:20:17.815,81.520,1
3728,2026-03-20T01:20:17.903,82.552,1
3729,2026-03-20T01:20:17.989,80.889,1
3730,2026-03-20T01:20:18.082,86.159,1
3731,2026-03-20T01:20:18.173,85.701,1
3732,2026-03-20T01:20:18.266,86.371,1
3733,2026-03-20T01:20:18.353,80.654,1
3734,2026-03-20T01:20:18.442,83.512,1
3735,2026-03-20T01:20:18.523,75.458,1
3736,2026-03-20T01:20:18.624,93.126,1
3737,2026-03-20T01:20:18.721,92.188,1
3738,2026-03-20T01:20:18.816,88.069,1
3739,2026-03-20T01:20:18.909,85.337,1
3740,2026-03-20T01:20:19.006,92.042,1
3741,2026-03-20T01:20:19.102,89.220,1
3742,2026-03-20T01:20:19.198,88.329,1
3743,2026-03-20T01:20:19.292,88.938,1
3744,2026-03-20T01:20:19.371,73.732,1
3745,2026-03-20T01:20:19.452,75.805,1
3746,2026-03-20T01:20:19.535,77.272,1
3747,2026-03-20T01:20:19.607,65.524,1
3748,2026-03-20T01:20:19.679,66.757,1
3749,2026-03-20T01:20:19.755,70.752,1
3750,2026-03-20T01:20:19.838,77.431,1
3751,2026-03-20T01:20:19.920,75.666,1
3752,2026-03-20T01:20:20.000,74.778,1
3753,2026-03-20T01:20:20.087,81.439,1
3754,2026-03-20T01:20:20.169,76.984,1
3755,2026-03-20T01:20:20.250,75.398,1
3756,2026-03-20T01:20:20.328,71.986,1
3757,2026-03-20T01:20:20.409,75.531,1
3758,2026-03-20T01:20:20.489,75.060,1
3759,2026-03-20T01:20:20.576,81.439,1
3760,2026-03-20T01:20:20.667,84.343,1
3761,2026-03-20T01:20:20.751,77.930,1
3762,2026-03-20T01:20:20.833,76.601,1
3763,2026-03-20T01:20:20.917,79.309,1
3764,2026-03-20T01:20:21.007,83.757,1
3765,2026-03-20T01:20:21.088,76.407,1
3766,2026-03-20T01:20:21.175,82.194,1
3767,2026-03-20T01:20:21.262,80.600,1
3768,2026-03-20T01:20:21.344,76.889,1
3769,2026-03-20T01:20:21.430,80.082,1
3770,2026-03-20T01:20:21.523,86.494,1
3771,2026-03-20T01:20:21.612,82.169,1
3772,2026-03-20T01:20:21.704,86.137,1
3773,2026-03-20T01:20:21.793,84.039,1
3774,2026-03-20T01:20:21.880,82.010,1
3775,2026-03-20T01:20:21.969,82.743,1
3776,2026-03-20T01:20:22.053,78.567,1
3777,2026-03-20T01:20:22.138,78.783,1
3778,2026-03-20T01:20:22.227,83.423,1
3779,2026-03-20T01:20:22.312,78.427,1
3780,2026-03-20T01:20:22.400,80.870,1
3781,2026-03-20T01:20:22.492,86.237,1
3782,2026-03-20T01:20:22.585,84.622,1
3783,2026-03-20T01:20:22.667,75.427,1
3784,2026-03-20T01:20:22.751,79.423,1
3785,2026-03-20T01:20:22.832,75.919,1
3786,2026-03-20T01:20:22.917,78.915,1
3787,2026-03-20T01:20:23.003,80.144,1
3788,2026-03-20T01:20:23.092,83.744,1
3789,2026-03-20T01:20:23.175,77.450,1
3790,2026-03-20T01:20:23.261,80.875,1
3791,2026-03-20T01:20:23.350,80.843,1
3792,2026-03-20T01:20:23.435,79.433,1
3793,2026-03-20T01:20:23.521,81.403,1
3794,2026-03-20T01:20:23.608,82.443,1
3795,2026-03-20T01:20:23.697,82.666,1
3796,2026-03-20T01:20:23.786,82.960,1
3797,2026-03-20T01:20:23.870,77.065,1
3798,2026-03-20T01:20:23.952,76.218,1
3799,2026-03-20T01:20:24.034,76.597,1
3800,2026-03-20T01:20:24.120,80.301,1
3801,2026-03-20T01:20:24.201,76.342,1
3802,2026-03-20T01:20:24.293,87.104,1
3803,2026-03-20T01:20:24.384,85.412,1
3804,2026-03-20T01:20:24.468,77.938,1
3805,2026-03-20T01:20:24.558,84.395,1
3806,2026-03-20T01:20:24.648,84.645,1
3807,2026-03-20T01:20:24.728,74.597,1
3808,2026-03-20T01:20:24.813,79.993,1
3809,2026-03-20T01:20:24.897,76.742,1
3810,2026-03-20T01:20:24.982,79.734,1
3811,2026-03-20T01:20:25.071,83.343,1
3812,2026-03-20T01:20:25.161,84.054,1
3813,2026-03-20T01:20:25.247,80.796,1
3814,2026-03-20T01:20:25.326,74.203,1
3815,2026-03-20T01:20:25.412,81.732,1
3816,2026-03-20T01:20:25.501,81.901,1
3817,2026-03-20T01:20:25.587,81.101,1
3818,2026-03-20T01:20:25.668,75.605,1
3819,2026-03-20T01:20:25.751,78.189,1
3820,2026-03-20T01:20:25.836,79.723,1
3821,2026-03-20T01:20:25.916,75.213,1
3822,2026-03-20T01:20:26.004,82.111,1
3823,2026-03-20T01:20:26.091,79.696,1
3824,2026-03-20T01:20:26.176,78.121,1
3825,2026-03-20T01:20:26.261,79.215,1
3826,2026-03-20T01:20:26.350,83.531,1
3827,2026-03-20T01:20:26.440,83.425,1
3828,2026-03-20T01:20:26.530,84.177,1
3829,2026-03-20T01:20:26.609,73.774,1
3830,2026-03-20T01:20:26.698,83.625,1
3831,2026-03-20T01:20:26.783,80.070,1
3832,2026-03-20T01:20:26.870,81.109,1
3833,2026-03-20T01:20:26.954,79.094,1
3834,2026-03-20T01:20:27.046,85.098,1
3835,2026-03-20T01:20:27.140,86.999,1
3836,2026-03-20T01:20:27.233,87.380,1
3837,2026-03-20T01:20:27.321,82.707,1
3838,2026-03-20T01:20:27.413,86.323,1
3839,2026-03-20T01:20:27.504,82.275,1
3840,2026-03-20T01:20:27.585,76.531,1
3841,2026-03-20T01:20:27.666,75.007,1
3842,2026-03-20T01:20:27.756,83.247,1
3843,2026-03-20T01:20:27.842,80.572,1
3844,2026-03-20T01:20:27.926,78.025,1
3845,2026-03-20T01:20:28.017,83.382,1
3846,2026-03-20T01:20:28.102,76.620,1
3847,2026-03-20T01:20:28.187,79.845,1
3848,2026-03-20T01:20:28.267,75.661,1
3849,2026-03-20T01:20:28.356,80.706,1
3850,2026-03-20T01:20:28.443,81.598,1
3851,2026-03-20T01:20:28.534,83.567,1
3852,2026-03-20T01:20:28.622,82.593,1
3853,2026-03-20T01:20:28.708,80.909,1
3854,2026-03-20T01:20:28.798,84.145,1
3855,2026-03-20T01:20:28.885,80.121,1
3856,2026-03-20T01:20:28.972,82.551,1
3857,2026-03-20T01:20:29.059,81.367,1
3858,2026-03-20T01:20:29.150,84.392,1
3859,2026-03-20T01:20:29.236,80.508,1
3860,2026-03-20T01:20:29.330,87.039,1
3861,2026-03-20T01:20:29.416,80.846,1
3862,2026-03-20T01:20:29.497,75.783,1
3863,2026-03-20T01:20:29.583,80.881,1
3864,2026-03-20T01:20:29.672,83.454,1
3865,2026-03-20T01:20:29.758,80.013,1
3866,2026-03-20T01:20:29.847,82.582,1
3867,2026-03-20T01:20:29.935,82.363,1
3868,2026-03-20T01:20:30.022,82.001,1
3869,2026-03-20T01:20:30.113,82.838,1
3870,2026-03-20T01:20:30.201,82.739,1
3871,2026-03-20T01:20:30.292,84.569,1
3872,2026-03-20T01:20:30.375,76.826,1
3873,2026-03-20T01:20:30.463,80.613,1
3874,2026-03-20T01:20:30.547,77.938,1
3875,2026-03-20T01:20:30.628,75.348,1
3876,2026-03-20T01:20:30.709,76.240,1
3877,2026-03-20T01:20:30.794,78.980,1
3878,2026-03-20T01:20:30.883,82.542,1
3879,2026-03-20T01:20:30.969,80.206,1
3880,2026-03-20T01:20:31.050,75.799,1
3881,2026-03-20T01:20:31.134,78.549,1
3882,2026-03-20T01:20:31.224,84.089,1
3883,2026-03-20T01:20:31.314,84.823,1
3884,2026-03-20T01:20:31.401,79.727,1
3885,2026-03-20T01:20:31.487,80.929,1
3886,2026-03-20T01:20:31.571,77.819,1
3887,2026-03-20T01:20:31.657,80.450,1
3888,2026-03-20T01:20:31.743,80.124,1
3889,2026-03-20T01:20:31.837,86.804,1
3890,2026-03-20T01:20:31.920,77.141,1
3891,2026-03-20T01:20:32.005,80.004,1
3892,2026-03-20T01:20:32.093,80.910,1
3893,2026-03-20T01:20:32.181,82.707,1
3894,2026-03-20T01:20:32.274,84.656,1
3895,2026-03-20T01:20:32.362,81.855,1
3896,2026-03-20T01:20:32.449,80.788,1
3897,2026-03-20T01:20:32.535,80.831,1
3898,2026-03-20T01:20:32.617,77.399,1
3899,2026-03-20T01:20:32.703,80.520,1
3900,2026-03-20T01:20:32.791,81.884,1
3901,2026-03-20T01:20:32.882,84.998,1
3902,2026-03-20T01:20:32.967,79.098,1
3903,2026-03-20T01:20:33.051,78.220,1
3904,2026-03-20T01:20:33.134,76.360,1
3905,2026-03-20T01:20:33.221,80.868,1
3906,2026-03-20T01:20:33.306,78.735,1
3907,2026-03-20T01:20:33.393,81.213,1
3908,2026-03-20T01:20:33.477,78.424,1
3909,2026-03-20T01:20:33.561,78.785,1
3910,2026-03-20T01:20:33.643,76.361,1
3911,2026-03-20T01:20:33.725,74.881,1
3912,2026-03-20T01:20:33.807,75.922,1
3913,2026-03-20T01:20:33.891,78.959,1
3914,2026-03-20T01:20:33.968,71.427,1
3915,2026-03-20T01:20:34.054,79.016,1
3916,2026-03-20T01:20:34.145,85.844,1
3917,2026-03-20T01:20:34.234,83.540,1
3918,2026-03-20T01:20:34.320,80.438,1
3919,2026-03-20T01:20:34.409,81.707,1
3920,2026-03-20T01:20:34.493,79.007,1
3921,2026-03-20T01:20:34.577,78.463,1
3922,2026-03-20T01:20:34.659,75.758,1
3923,2026-03-20T01:20:34.745,81.026,1
3924,2026-03-20T01:20:34.834,81.791,1
3925,2026-03-20T01:20:34.920,79.537,1
3926,2026-03-20T01:20:35.003,77.230,1
3927,2026-03-20T01:20:35.083,74.200,1
3928,2026-03-20T01:20:35.172,84.091,1
3929,2026-03-20T01:20:35.262,83.931,1
3930,2026-03-20T01:20:35.351,83.382,1
3931,2026-03-20T01:20:35.439,82.196,1
3932,2026-03-20T01:20:35.526,81.810,1
3933,2026-03-20T01:20:35.617,83.698,1
3934,2026-03-20T01:20:35.699,76.916,1
3935,2026-03-20T01:20:35.790,84.011,1
3936,2026-03-20T01:20:35.878,82.769,1
3937,2026-03-20T01:20:35.962,78.917,1
3938,2026-03-20T01:20:36.048,80.778,1
3939,2026-03-20T01:20:36.140,85.844,1
3940,2026-03-20T01:20:36.227,82.082,1
3941,2026-03-20T01:20:36.309,75.239,1
3942,2026-03-20T01:20:36.395,80.251,1
3943,2026-03-20T01:20:36.489,87.878,1
3944,2026-03-20T01:20:36.577,82.432,1
3945,2026-03-20T01:20:36.676,92.054,1
3946,2026-03-20T01:20:36.773,91.757,1
3947,2026-03-20T01:20:36.873,94.981,1
3948,2026-03-20T01:20:36.973,93.482,1
3949,2026-03-20T01:20:37.077,94.143,1
3950,2026-03-20T01:20:37.187,103.086,1
3951,2026-03-20T01:20:37.282,88.506,1
3952,2026-03-20T01:20:37.373,82.446,1
3953,2026-03-20T01:20:37.463,85.170,1
3954,2026-03-20T01:20:37.553,83.065,1
3955,2026-03-20T01:20:37.639,81.503,1
3956,2026-03-20T01:20:37.731,85.801,1
3957,2026-03-20T01:20:37.819,82.268,1
3958,2026-03-20T01:20:37.903,76.953,1
3959,2026-03-20T01:20:37.991,82.432,1
3960,2026-03-20T01:20:38.082,84.110,1
3961,2026-03-20T01:20:38.164,77.497,1
3962,2026-03-20T01:20:38.251,81.702,1
3963,2026-03-20T01:20:38.342,84.467,1
3964,2026-03-20T01:20:38.432,82.895,1
3965,2026-03-20T01:20:38.519,81.771,1
3966,2026-03-20T01:20:38.609,83.255,1
3967,2026-03-20T01:20:38.699,83.884,1
3968,2026-03-20T01:20:38.783,77.191,1
3969,2026-03-20T01:20:38.867,79.110,1
3970,2026-03-20T01:20:38.956,80.819,1
3971,2026-03-20T01:20:39.037,75.974,1
3972,2026-03-20T01:20:39.122,78.192,1
3973,2026-03-20T01:20:39.206,78.929,1
3974,2026-03-20T01:20:39.290,78.394,1
3975,2026-03-20T01:20:39.375,78.538,1
3976,2026-03-20T01:20:39.456,76.080,1
3977,2026-03-20T01:20:39.543,80.786,1
3978,2026-03-20T01:20:39.621,72.276,1
3979,2026-03-20T01:20:39.701,75.384,1
3980,2026-03-20T01:20:39.789,81.386,1
3981,2026-03-20T01:20:39.866,71.895,1
3982,2026-03-20T01:20:39.948,76.992,1
3983,2026-03-20T01:20:40.036,82.950,1
3984,2026-03-20T01:20:40.115,71.718,1
3985,2026-03-20T01:20:40.195,73.364,1
3986,2026-03-20T01:20:40.278,78.388,1
3987,2026-03-20T01:20:40.365,80.829,1
3988,2026-03-20T01:20:40.450,78.935,1
3989,2026-03-20T01:20:40.534,77.973,1
3990,2026-03-20T01:20:40.618,78.914,1
3991,2026-03-20T01:20:40.698,75.335,1
3992,2026-03-20T01:20:40.780,76.143,1
3993,2026-03-20T01:20:40.867,81.266,1
3994,2026-03-20T01:20:40.946,74.219,1
3995,2026-03-20T01:20:41.034,81.071,1
3996,2026-03-20T01:20:41.117,78.542,1
3997,2026-03-20T01:20:41.208,85.095,1
3998,2026-03-20T01:20:41.297,83.252,1
3999,2026-03-20T01:20:41.385,82.108,1
4000,2026-03-20T01:20:41.471,80.969,1
4001,2026-03-20T01:20:41.560,83.009,1
4002,2026-03-20T01:20:41.644,79.637,1
4003,2026-03-20T01:20:41.731,80.976,1
4004,2026-03-20T01:20:41.816,78.683,1
4005,2026-03-20T01:20:41.901,80.481,1
4006,2026-03-20T01:20:41.992,85.516,1
4007,2026-03-20T01:20:42.079,80.921,1
4008,2026-03-20T01:20:42.164,80.232,1
4009,2026-03-20T01:20:42.254,82.828,1
4010,2026-03-20T01:20:42.343,82.486,1
4011,2026-03-20T01:20:42.427,78.481,1
4012,2026-03-20T01:20:42.513,80.578,1
4013,2026-03-20T01:20:42.599,79.710,1
4014,2026-03-20T01:20:42.688,84.342,1
4015,2026-03-20T01:20:42.772,78.839,1
4016,2026-03-20T01:20:42.855,76.944,1
4017,2026-03-20T01:20:42.940,78.517,1
4018,2026-03-20T01:20:43.025,79.082,1
4019,2026-03-20T01:20:43.107,75.434,1
4020,2026-03-20T01:20:43.200,86.104,1
4021,2026-03-20T01:20:43.287,81.410,1
4022,2026-03-20T01:20:43.371,78.069,1
4023,2026-03-20T01:20:43.455,78.461,1
4024,2026-03-20T01:20:43.538,78.070,1
4025,2026-03-20T01:20:43.625,80.765,1
4026,2026-03-20T01:20:43.709,78.196,1
4027,2026-03-20T01:20:43.795,80.077,1
4028,2026-03-20T01:20:43.879,79.393,1
4029,2026-03-20T01:20:43.960,73.028,1
4030,2026-03-20T01:20:44.047,82.107,1
4031,2026-03-20T01:20:44.132,79.583,1
4032,2026-03-20T01:20:44.215,76.373,1
4033,2026-03-20T01:20:44.301,80.815,1
4034,2026-03-20T01:20:44.387,80.867,1
4035,2026-03-20T01:20:44.478,85.187,1
4036,2026-03-20T01:20:44.565,80.802,1
4037,2026-03-20T01:20:44.651,79.802,1
4038,2026-03-20T01:20:44.738,81.742,1
4039,2026-03-20T01:20:44.825,80.833,1
4040,2026-03-20T01:20:44.905,75.503,1
4041,2026-03-20T01:20:44.992,81.063,1
4042,2026-03-20T01:20:45.080,82.353,1
4043,2026-03-20T01:20:45.162,77.667,1
4044,2026-03-20T01:20:45.248,81.601,1
4045,2026-03-20T01:20:45.336,82.316,1
4046,2026-03-20T01:20:45.425,83.802,1
4047,2026-03-20T01:20:45.516,83.232,1
4048,2026-03-20T01:20:45.607,83.972,1
4049,2026-03-20T01:20:45.691,78.418,1
4050,2026-03-20T01:20:45.779,82.536,1
4051,2026-03-20T01:20:45.867,81.508,1
4052,2026-03-20T01:20:45.951,78.495,1
4053,2026-03-20T01:20:46.037,79.786,1
4054,2026-03-20T01:20:46.116,73.329,1
4055,2026-03-20T01:20:46.200,78.976,1
4056,2026-03-20T01:20:46.285,77.799,1
4057,2026-03-20T01:20:46.372,79.823,1
4058,2026-03-20T01:20:46.454,76.861,1
4059,2026-03-20T01:20:46.541,81.616,1
4060,2026-03-20T01:20:46.621,75.261,1
4061,2026-03-20T01:20:46.709,81.751,1
4062,2026-03-20T01:20:46.793,78.785,1
4063,2026-03-20T01:20:46.876,77.252,1
4064,2026-03-20T01:20:46.959,76.158,1
4065,2026-03-20T01:20:47.042,78.541,1
4066,2026-03-20T01:20:47.132,82.080,1
4067,2026-03-20T01:20:47.218,79.373,1
4068,2026-03-20T01:20:47.305,80.914,1
4069,2026-03-20T01:20:47.391,79.510,1
4070,2026-03-20T01:20:47.480,84.784,1
4071,2026-03-20T01:20:47.568,82.255,1
4072,2026-03-20T01:20:47.656,82.422,1
4073,2026-03-20T01:20:47.745,81.680,1
4074,2026-03-20T01:20:47.832,81.700,1
4075,2026-03-20T01:20:47.919,80.464,1
4076,2026-03-20T01:20:48.000,75.364,1
4077,2026-03-20T01:20:48.083,77.753,1
4078,2026-03-20T01:20:48.173,84.426,1
4079,2026-03-20T01:20:48.263,84.356,1
4080,2026-03-20T01:20:48.348,78.823,1
4081,2026-03-20T01:20:48.433,79.289,1
4082,2026-03-20T01:20:48.521,83.180,1
4083,2026-03-20T01:20:48.607,80.566,1
4084,2026-03-20T01:20:48.687,74.731,1
4085,2026-03-20T01:20:48.774,81.960,1
4086,2026-03-20T01:20:48.856,75.686,1
4087,2026-03-20T01:20:48.936,74.810,1
4088,2026-03-20T01:20:49.018,75.515,1
4089,2026-03-20T01:20:49.100,77.013,1
4090,2026-03-20T01:20:49.182,76.715,1
4091,2026-03-20T01:20:49.265,77.235,1
4092,2026-03-20T01:20:49.346,75.822,1
4093,2026-03-20T01:20:49.434,82.902,1
4094,2026-03-20T01:20:49.515,75.424,1
4095,2026-03-20T01:20:49.600,79.533,1
4096,2026-03-20T01:20:49.689,84.300,1
4097,2026-03-20T01:20:49.773,78.355,1
4098,2026-03-20T01:20:49.854,76.348,1
4099,2026-03-20T01:20:49.935,75.600,1
4100,2026-03-20T01:20:50.019,79.467,1
4101,2026-03-20T01:20:50.103,77.125,1
4102,2026-03-20T01:20:50.193,84.159,1
4103,2026-03-20T01:20:50.279,81.307,1
4104,2026-03-20T01:20:50.371,86.552,1
4105,2026-03-20T01:20:50.455,78.302,1
4106,2026-03-20T01:20:50.545,84.604,1
4107,2026-03-20T01:20:50.634,83.399,1
4108,2026-03-20T01:20:50.717,77.672,1
4109,2026-03-20T01:20:50.797,75.334,1
4110,2026-03-20T01:20:50.882,78.513,1
4111,2026-03-20T01:20:50.962,73.924,1
4112,2026-03-20T01:20:51.049,80.705,1
4113,2026-03-20T01:20:51.134,79.160,1
4114,2026-03-20T01:20:51.220,80.804,1
4115,2026-03-20T01:20:51.313,88.113,1
4116,2026-03-20T01:20:51.401,82.036,1
4117,2026-03-20T01:20:51.481,75.208,1
4118,2026-03-20T01:20:51.563,76.754,1
4119,2026-03-20T01:20:51.648,78.724,1
4120,2026-03-20T01:20:51.736,81.391,1
4121,2026-03-20T01:20:51.822,81.073,1
4122,2026-03-20T01:20:51.906,78.382,1
4123,2026-03-20T01:20:51.991,79.289,1
4124,2026-03-20T01:20:52.073,75.921,1
4125,2026-03-20T01:20:52.157,78.375,1
4126,2026-03-20T01:20:52.246,82.798,1
4127,2026-03-20T01:20:52.337,84.139,1
4128,2026-03-20T01:20:52.420,77.241,1
4129,2026-03-20T01:20:52.511,84.699,1
4130,2026-03-20T01:20:52.605,87.917,1
4131,2026-03-20T01:20:52.688,76.604,1
4132,2026-03-20T01:20:52.773,78.835,1
4133,2026-03-20T01:20:52.859,80.351,1
4134,2026-03-20T01:20:52.939,74.617,1
4135,2026-03-20T01:20:53.023,76.795,1
4136,2026-03-20T01:20:53.110,81.203,1
4137,2026-03-20T01:20:53.197,81.006,1
4138,2026-03-20T01:20:53.280,78.273,1
4139,2026-03-20T01:20:53.373,86.952,1
4140,2026-03-20T01:20:53.459,79.330,1
4141,2026-03-20T01:20:53.542,77.291,1
4142,2026-03-20T01:20:53.630,80.616,1
4143,2026-03-20T01:20:53.712,75.921,1
4144,2026-03-20T01:20:53.794,76.746,1
4145,2026-03-20T01:20:53.876,76.223,1
4146,2026-03-20T01:20:53.957,75.903,1
4147,2026-03-20T01:20:54.041,78.345,1
4148,2026-03-20T01:20:54.130,82.303,1
4149,2026-03-20T01:20:54.215,80.430,1
4150,2026-03-20T01:20:54.300,78.679,1
4151,2026-03-20T01:20:54.384,77.186,1
4152,2026-03-20T01:20:54.470,80.650,1
4153,2026-03-20T01:20:54.569,92.002,1
4154,2026-03-20T01:20:54.655,80.805,1
4155,2026-03-20T01:20:54.739,76.857,1
4156,2026-03-20T01:20:54.822,78.033,1
4157,2026-03-20T01:20:54.907,78.248,1
4158,2026-03-20T01:20:54.990,77.342,1
4159,2026-03-20T01:20:55.077,81.950,1
4160,2026-03-20T01:20:55.165,81.140,1
4161,2026-03-20T01:20:55.252,80.612,1
4162,2026-03-20T01:20:55.339,82.612,1
4163,2026-03-20T01:20:55.426,79.567,1
4164,2026-03-20T01:20:55.509,77.377,1
4165,2026-03-20T01:20:55.594,79.987,1
4166,2026-03-20T01:20:55.680,79.598,1
4167,2026-03-20T01:20:55.773,86.057,1
4168,2026-03-20T01:20:55.857,78.489,1
4169,2026-03-20T01:20:55.941,77.135,1
4170,2026-03-20T01:20:56.018,71.448,1
4171,2026-03-20T01:20:56.100,76.700,1
4172,2026-03-20T01:20:56.189,83.095,1
4173,2026-03-20T01:20:56.275,80.028,1
4174,2026-03-20T01:20:56.358,77.356,1
4175,2026-03-20T01:20:56.442,79.329,1
4176,2026-03-20T01:20:56.534,85.507,1
4177,2026-03-20T01:20:56.619,80.128,1
4178,2026-03-20T01:20:56.710,84.023,1
4179,2026-03-20T01:20:56.793,77.121,1
4180,2026-03-20T01:20:56.880,82.370,1
4181,2026-03-20T01:20:56.967,81.131,1
4182,2026-03-20T01:20:57.057,83.298,1
4183,2026-03-20T01:20:57.147,84.495,1
4184,2026-03-20T01:20:57.235,80.558,1
4185,2026-03-20T01:20:57.324,83.394,1
4186,2026-03-20T01:20:57.414,83.048,1
4187,2026-03-20T01:20:57.505,86.270,1
4188,2026-03-20T01:20:57.593,82.750,1
4189,2026-03-20T01:20:57.672,73.265,1
4190,2026-03-20T01:20:57.748,71.436,1
4191,2026-03-20T01:20:57.831,78.412,1
4192,2026-03-20T01:20:57.914,75.462,1
4193,2026-03-20T01:20:57.990,70.765,1
4194,2026-03-20T01:20:58.071,75.306,1
4195,2026-03-20T01:20:58.150,75.035,1
4196,2026-03-20T01:20:58.232,76.014,1
4197,2026-03-20T01:20:58.313,75.766,1
4198,2026-03-20T01:20:58.397,78.862,1
4199,2026-03-20T01:20:58.488,85.646,1
4200,2026-03-20T01:20:58.565,72.532,1
4201,2026-03-20T01:20:58.648,77.833,1
4202,2026-03-20T01:20:58.729,75.844,1
4203,2026-03-20T01:20:58.806,72.789,1
4204,2026-03-20T01:20:58.881,69.738,1
4205,2026-03-20T01:20:58.962,75.249,1
4206,2026-03-20T01:20:59.043,76.142,1
4207,2026-03-20T01:20:59.127,79.589,1
4208,2026-03-20T01:20:59.217,83.876,1
4209,2026-03-20T01:20:59.305,83.027,1
4210,2026-03-20T01:20:59.390,78.901,1
4211,2026-03-20T01:20:59.481,85.140,1
4212,2026-03-20T01:20:59.568,80.382,1
4213,2026-03-20T01:20:59.656,82.132,1
4214,2026-03-20T01:20:59.740,77.634,1
4215,2026-03-20T01:20:59.824,79.330,1
4216,2026-03-20T01:20:59.911,80.413,1
4217,2026-03-20T01:20:59.998,81.533,1
4218,2026-03-20T01:21:00.075,71.607,1
4219,2026-03-20T01:21:00.163,82.825,1
4220,2026-03-20T01:21:00.244,76.426,1
4221,2026-03-20T01:21:00.335,85.194,1
4222,2026-03-20T01:21:00.418,78.078,1
4223,2026-03-20T01:21:00.502,78.658,1
4224,2026-03-20T01:21:00.586,76.146,1
4225,2026-03-20T01:21:00.669,78.414,1
4226,2026-03-20T01:21:00.753,77.858,1
4227,2026-03-20T01:21:00.840,80.364,1
4228,2026-03-20T01:21:00.924,78.541,1
4229,2026-03-20T01:21:01.007,75.819,1
4230,2026-03-20T01:21:01.092,79.202,1
4231,2026-03-20T01:21:01.176,78.768,1
4232,2026-03-20T01:21:01.270,87.929,1
4233,2026-03-20T01:21:01.357,80.242,1
4234,2026-03-20T01:21:01.447,83.757,1
4235,2026-03-20T01:21:01.533,79.439,1
4236,2026-03-20T01:21:01.617,78.728,1
4237,2026-03-20T01:21:01.707,82.515,1
4238,2026-03-20T01:21:01.792,80.851,1
4239,2026-03-20T01:21:01.878,79.848,1
4240,2026-03-20T01:21:01.967,81.864,1
4241,2026-03-20T01:21:02.051,78.365,1
4242,2026-03-20T01:21:02.140,83.197,1
4243,2026-03-20T01:21:02.235,88.979,1
4244,2026-03-20T01:21:02.330,88.722,1
4245,2026-03-20T01:21:02.416,80.031,1
4246,2026-03-20T01:21:02.507,82.795,1
4247,2026-03-20T01:21:02.590,77.114,1
4248,2026-03-20T01:21:02.674,76.827,1
4249,2026-03-20T01:21:02.758,78.271,1
4250,2026-03-20T01:21:02.845,81.084,1
4251,2026-03-20T01:21:02.928,76.763,1
4252,2026-03-20T01:21:03.014,80.844,1
4253,2026-03-20T01:21:03.102,80.216,1
4254,2026-03-20T01:21:03.191,82.547,1
4255,2026-03-20T01:21:03.276,78.738,1
4256,2026-03-20T01:21:03.357,76.585,1
4257,2026-03-20T01:21:03.449,84.802,1
4258,2026-03-20T01:21:03.539,83.691,1
4259,2026-03-20T01:21:03.619,75.627,1
4260,2026-03-20T01:21:03.707,80.999,1
4261,2026-03-20T01:21:03.791,79.145,1
4262,2026-03-20T01:21:03.873,76.945,1
4263,2026-03-20T01:21:03.959,78.565,1
4264,2026-03-20T01:21:04.041,76.980,1
4265,2026-03-20T01:21:04.126,79.434,1
4266,2026-03-20T01:21:04.209,77.794,1
4267,2026-03-20T01:21:04.299,84.860,1
4268,2026-03-20T01:21:04.386,82.186,1
4269,2026-03-20T01:21:04.468,76.286,1
4270,2026-03-20T01:21:04.548,74.112,1
4271,2026-03-20T01:21:04.630,76.546,1
4272,2026-03-20T01:21:04.716,80.732,1
4273,2026-03-20T01:21:04.800,78.555,1
4274,2026-03-20T01:21:04.887,81.570,1
4275,2026-03-20T01:21:04.969,76.840,1
4276,2026-03-20T01:21:05.050,75.185,1
4277,2026-03-20T01:21:05.133,78.074,1
4278,2026-03-20T01:21:05.221,81.981,1
4279,2026-03-20T01:21:05.311,83.217,1
4280,2026-03-20T01:21:05.395,78.087,1
4281,2026-03-20T01:21:05.481,80.473,1
4282,2026-03-20T01:21:05.567,79.373,1
4283,2026-03-20T01:21:05.648,75.902,1
4284,2026-03-20T01:21:05.739,84.139,1
4285,2026-03-20T01:21:05.826,80.804,1
4286,2026-03-20T01:21:05.908,76.299,1
4287,2026-03-20T01:21:05.992,78.726,1
4288,2026-03-20T01:21:06.081,83.444,1
4289,2026-03-20T01:21:06.169,82.671,1
4290,2026-03-20T01:21:06.255,79.861,1
4291,2026-03-20T01:21:06.340,79.649,1
4292,2026-03-20T01:21:06.429,81.673,1
4293,2026-03-20T01:21:06.509,75.167,1
4294,2026-03-20T01:21:06.600,85.876,1
4295,2026-03-20T01:21:06.687,81.590,1
4296,2026-03-20T01:21:06.773,79.792,1
4297,2026-03-20T01:21:06.856,77.700,1
4298,2026-03-20T01:21:06.941,78.741,1
4299,2026-03-20T01:21:07.025,77.688,1
4300,2026-03-20T01:21:07.107,76.978,1
4301,2026-03-20T01:21:07.207,91.578,1
4302,2026-03-20T01:21:07.306,88.980,1
4303,2026-03-20T01:21:07.402,89.104,1
4304,2026-03-20T01:21:07.499,89.208,1
4305,2026-03-20T01:21:07.582,76.572,1
4306,2026-03-20T01:21:07.669,79.507,1
4307,2026-03-20T01:21:07.759,84.423,1
4308,2026-03-20T01:21:07.839,75.443,1
4309,2026-03-20T01:21:07.921,75.220,1
4310,2026-03-20T01:21:08.004,77.950,1
4311,2026-03-20T01:21:08.087,76.240,1
4312,2026-03-20T01:21:08.173,80.888,1
4313,2026-03-20T01:21:08.259,79.309,1
4314,2026-03-20T01:21:08.355,89.875,1
4315,2026-03-20T01:21:08.446,85.835,1
4316,2026-03-20T01:21:08.531,78.866,1
4317,2026-03-20T01:21:08.616,79.573,1
4318,2026-03-20T01:21:08.706,83.881,1
4319,2026-03-20T01:21:08.794,81.292,1
4320,2026-03-20T01:21:08.881,81.144,1
4321,2026-03-20T01:21:08.969,81.253,1
4322,2026-03-20T01:21:09.057,82.548,1
4323,2026-03-20T01:21:09.143,80.240,1
4324,2026-03-20T01:21:09.242,93.050,1
4325,2026-03-20T01:21:09.325,76.188,1
4326,2026-03-20T01:21:09.412,81.696,1
4327,2026-03-20T01:21:09.498,80.415,1
4328,2026-03-20T01:21:09.582,77.443,1
4329,2026-03-20T01:21:09.667,78.367,1
4330,2026-03-20T01:21:09.748,76.132,1
4331,2026-03-20T01:21:09.830,76.431,1
4332,2026-03-20T01:21:09.910,75.177,1
4333,2026-03-20T01:21:09.998,81.463,1
4334,2026-03-20T01:21:10.081,77.496,1
4335,2026-03-20T01:21:10.166,80.071,1
4336,2026-03-20T01:21:10.251,78.927,1
4337,2026-03-20T01:21:10.338,82.130,1
4338,2026-03-20T01:21:10.422,77.965,1
4339,2026-03-20T01:21:10.509,81.162,1
4340,2026-03-20T01:21:10.598,83.298,1
4341,2026-03-20T01:21:10.681,77.974,1
4342,2026-03-20T01:21:10.765,79.014,1
4343,2026-03-20T01:21:10.849,77.063,1
4344,2026-03-20T01:21:10.932,78.922,1
4345,2026-03-20T01:21:11.012,74.340,1
4346,2026-03-20T01:21:11.099,81.019,1
4347,2026-03-20T01:21:11.177,73.039,1
4348,2026-03-20T01:21:11.259,76.028,1
4349,2026-03-20T01:21:11.339,72.889,1
4350,2026-03-20T01:21:11.422,77.632,1
4351,2026-03-20T01:21:11.502,75.179,1
4352,2026-03-20T01:21:11.584,77.346,1
4353,2026-03-20T01:21:11.674,82.614,1
4354,2026-03-20T01:21:11.760,81.207,1
4355,2026-03-20T01:21:11.845,79.392,1
4356,2026-03-20T01:21:11.923,72.964,1
4357,2026-03-20T01:21:12.004,74.587,1
4358,2026-03-20T01:21:12.091,81.773,1
4359,2026-03-20T01:21:12.176,79.169,1
4360,2026-03-20T01:21:12.268,86.158,1
4361,2026-03-20T01:21:12.353,79.967,1
4362,2026-03-20T01:21:12.447,86.993,1
4363,2026-03-20T01:21:12.540,85.235,1
4364,2026-03-20T01:21:12.624,77.984,1
4365,2026-03-20T01:21:12.706,76.247,1
4366,2026-03-20T01:21:12.790,78.497,1
4367,2026-03-20T01:21:12.873,77.818,1
4368,2026-03-20T01:21:12.962,83.204,1
4369,2026-03-20T01:21:13.048,79.541,1
4370,2026-03-20T01:21:13.141,87.116,1
4371,2026-03-20T01:21:13.235,87.368,1
4372,2026-03-20T01:21:13.324,83.486,1
4373,2026-03-20T01:21:13.409,79.849,1
4374,2026-03-20T01:21:13.495,80.524,1
4375,2026-03-20T01:21:13.582,81.369,1
4376,2026-03-20T01:21:13.666,77.926,1
4377,2026-03-20T01:21:13.748,75.875,1
4378,2026-03-20T01:21:13.833,78.894,1
4379,2026-03-20T01:21:13.914,74.509,1
4380,2026-03-20T01:21:13.993,74.509,1
4381,2026-03-20T01:21:14.083,84.184,1
4382,2026-03-20T01:21:14.175,85.728,1
4383,2026-03-20T01:21:14.264,82.592,1
4384,2026-03-20T01:21:14.356,86.301,1
4385,2026-03-20T01:21:14.442,80.167,1
4386,2026-03-20T01:21:14.530,81.776,1
4387,2026-03-20T01:21:14.614,78.635,1
4388,2026-03-20T01:21:14.708,88.445,1
4389,2026-03-20T01:21:14.792,78.102,1
4390,2026-03-20T01:21:14.889,91.646,1
4391,2026-03-20T01:21:14.976,81.884,1
4392,2026-03-20T01:21:15.063,80.909,1
4393,2026-03-20T01:21:15.154,86.591,1
4394,2026-03-20T01:21:15.249,89.477,1
4395,2026-03-20T01:21:15.337,81.781,1
4396,2026-03-20T01:21:15.429,86.671,1
4397,2026-03-20T01:21:15.520,84.799,1
4398,2026-03-20T01:21:15.609,82.390,1
4399,2026-03-20T01:21:15.697,82.988,1
4400,2026-03-20T01:21:15.783,79.850,1
4401,2026-03-20T01:21:15.873,83.314,1
4402,2026-03-20T01:21:15.961,81.574,1
4403,2026-03-20T01:21:16.042,75.894,1
4404,2026-03-20T01:21:16.133,85.478,1
4405,2026-03-20T01:21:16.219,80.266,1
4406,2026-03-20T01:21:16.304,80.338,1
4407,2026-03-20T01:21:16.395,84.577,1
4408,2026-03-20T01:21:16.488,88.027,1
4409,2026-03-20T01:21:16.575,81.078,1
4410,2026-03-20T01:21:16.663,81.812,1
4411,2026-03-20T01:21:16.751,82.084,1
4412,2026-03-20T01:21:16.835,79.021,1
4413,2026-03-20T01:21:16.923,81.964,1
4414,2026-03-20T01:21:17.019,89.179,1
4415,2026-03-20T01:21:17.108,83.701,1
4416,2026-03-20T01:21:17.206,90.484,1
4417,2026-03-20T01:21:17.301,88.091,1
4418,2026-03-20T01:21:17.396,88.422,1
4419,2026-03-20T01:21:17.484,82.200,1
4420,2026-03-20T01:21:17.574,84.517,1
4421,2026-03-20T01:21:17.667,85.533,1
4422,2026-03-20T01:21:17.760,84.716,1
4423,2026-03-20T01:21:17.849,82.841,1
4424,2026-03-20T01:21:17.943,88.462,1
4425,2026-03-20T01:21:18.038,88.903,1
4426,2026-03-20T01:21:18.130,86.706,1
4427,2026-03-20T01:21:18.224,88.586,1
4428,2026-03-20T01:21:18.308,78.896,1
4429,2026-03-20T01:21:18.398,84.087,1
4430,2026-03-20T01:21:18.483,79.068,1
4431,2026-03-20T01:21:18.573,84.131,1
4432,2026-03-20T01:21:18.657,78.088,1
4433,2026-03-20T01:21:18.746,84.175,1
4434,2026-03-20T01:21:18.836,84.220,1
4435,2026-03-20T01:21:18.923,81.238,1
4436,2026-03-20T01:21:19.009,79.983,1
4437,2026-03-20T01:21:19.094,79.302,1
4438,2026-03-20T01:21:19.184,85.474,1
4439,2026-03-20T01:21:19.276,84.472,1
4440,2026-03-20T01:21:19.368,85.576,1
4441,2026-03-20T01:21:19.459,83.533,1
4442,2026-03-20T01:21:19.542,77.654,1
4443,2026-03-20T01:21:19.629,81.291,1
4444,2026-03-20T01:21:19.713,77.772,1
4445,2026-03-20T01:21:19.799,79.827,1
4446,2026-03-20T01:21:19.885,80.428,1
4447,2026-03-20T01:21:19.971,79.789,1
4448,2026-03-20T01:21:20.052,74.679,1
4449,2026-03-20T01:21:20.143,86.773,1
4450,2026-03-20T01:21:20.233,83.433,1
4451,2026-03-20T01:21:20.321,82.487,1
4452,2026-03-20T01:21:20.412,85.090,1
4453,2026-03-20T01:21:20.498,80.217,1
4454,2026-03-20T01:21:20.591,86.973,1
4455,2026-03-20T01:21:20.682,85.449,1
4456,2026-03-20T01:21:20.774,85.838,1
4457,2026-03-20T01:21:20.865,84.855,1
4458,2026-03-20T01:21:20.952,82.304,1
4459,2026-03-20T01:21:21.041,83.096,1
4460,2026-03-20T01:21:21.133,85.704,1
4461,2026-03-20T01:21:21.217,78.736,1
4462,2026-03-20T01:21:21.305,81.553,1
4463,2026-03-20T01:21:21.392,79.506,1
4464,2026-03-20T01:21:21.481,83.436,1
4465,2026-03-20T01:21:21.570,83.570,1
4466,2026-03-20T01:21:21.661,85.170,1
4467,2026-03-20T01:21:21.750,83.703,1
4468,2026-03-20T01:21:21.840,84.909,1
4469,2026-03-20T01:21:21.931,85.336,1
4470,2026-03-20T01:21:22.019,82.046,1
4471,2026-03-20T01:21:22.102,77.436,1
4472,2026-03-20T01:21:22.197,87.828,1
4473,2026-03-20T01:21:22.293,88.998,1
4474,2026-03-20T01:21:22.383,83.353,1
4475,2026-03-20T01:21:22.473,83.433,1
4476,2026-03-20T01:21:22.556,77.265,1
4477,2026-03-20T01:21:22.645,83.631,1
4478,2026-03-20T01:21:22.734,82.870,1
4479,2026-03-20T01:21:22.822,82.286,1
4480,2026-03-20T01:21:22.908,80.870,1
4481,2026-03-20T01:21:23.002,88.302,1
4482,2026-03-20T01:21:23.091,83.148,1
4483,2026-03-20T01:21:23.175,78.990,1
4484,2026-03-20T01:21:23.267,87.063,1
4485,2026-03-20T01:21:23.358,83.317,1
4486,2026-03-20T01:21:23.441,76.306,1
4487,2026-03-20T01:21:23.530,83.288,1
4488,2026-03-20T01:21:23.614,78.452,1
4489,2026-03-20T01:21:23.697,77.621,1
4490,2026-03-20T01:21:23.784,81.474,1
4491,2026-03-20T01:21:23.874,83.689,1
4492,2026-03-20T01:21:23.959,79.610,1
4493,2026-03-20T01:21:24.041,76.448,1
4494,2026-03-20T01:21:24.129,82.259,1
4495,2026-03-20T01:21:24.214,79.713,1
4496,2026-03-20T01:21:24.300,80.329,1
4497,2026-03-20T01:21:24.383,76.915,1
4498,2026-03-20T01:21:24.469,80.686,1
4499,2026-03-20T01:21:24.550,75.582,1
4500,2026-03-20T01:21:24.643,87.188,1
4501,2026-03-20T01:21:24.733,83.121,1
4502,2026-03-20T01:21:24.830,87.547,1
4503,2026-03-20T01:21:24.910,74.646,1
4504,2026-03-20T01:21:24.993,78.058,1
4505,2026-03-20T01:21:25.074,74.970,1
4506,2026-03-20T01:21:25.158,78.148,1
4507,2026-03-20T01:21:25.240,76.905,1
4508,2026-03-20T01:21:25.327,79.317,1
4509,2026-03-20T01:21:25.407,75.485,1
4510,2026-03-20T01:21:25.488,75.684,1
4511,2026-03-20T01:21:25.568,75.078,1
4512,2026-03-20T01:21:25.657,81.272,1
4513,2026-03-20T01:21:25.744,81.223,1
4514,2026-03-20T01:21:25.829,79.632,1
4515,2026-03-20T01:21:25.917,82.725,1
4516,2026-03-20T01:21:26.007,81.227,1
4517,2026-03-20T01:21:26.096,84.485,1
4518,2026-03-20T01:21:26.186,84.368,1
4519,2026-03-20T01:21:26.274,82.506,1
4520,2026-03-20T01:21:26.356,77.079,1
4521,2026-03-20T01:21:26.446,83.853,1
4522,2026-03-20T01:21:26.533,81.816,1
4523,2026-03-20T01:21:26.619,80.158,1
4524,2026-03-20T01:21:26.704,80.036,1
4525,2026-03-20T01:21:26.791,81.276,1
4526,2026-03-20T01:21:26.879,82.623,1
4527,2026-03-20T01:21:26.969,83.630,1
4528,2026-03-20T01:21:27.051,76.833,1
4529,2026-03-20T01:21:27.137,80.289,1
4530,2026-03-20T01:21:27.223,80.852,1
4531,2026-03-20T01:21:27.314,84.444,1
4532,2026-03-20T01:21:27.398,77.823,1
4533,2026-03-20T01:21:27.490,86.034,1
4534,2026-03-20T01:21:27.570,73.613,1
4535,2026-03-20T01:21:27.649,73.864,1
4536,2026-03-20T01:21:27.730,75.634,1
4537,2026-03-20T01:21:27.819,82.500,1
4538,2026-03-20T01:21:27.904,79.659,1
4539,2026-03-20T01:21:27.989,77.679,1
4540,2026-03-20T01:21:28.074,79.259,1
4541,2026-03-20T01:21:28.161,80.772,1
4542,2026-03-20T01:21:28.253,86.081,1
4543,2026-03-20T01:21:28.338,78.616,1
4544,2026-03-20T01:21:28.428,83.127,1
4545,2026-03-20T01:21:28.514,81.035,1
4546,2026-03-20T01:21:28.602,80.791,1
4547,2026-03-20T01:21:28.685,78.213,1
4548,2026-03-20T01:21:28.768,75.962,1
4549,2026-03-20T01:21:28.852,77.630,1
4550,2026-03-20T01:21:28.932,75.140,1
4551,2026-03-20T01:21:29.018,81.179,1
4552,2026-03-20T01:21:29.106,81.357,1
4553,2026-03-20T01:21:29.188,76.642,1
4554,2026-03-20T01:21:29.272,78.558,1
4555,2026-03-20T01:21:29.361,83.580,1
4556,2026-03-20T01:21:29.446,78.710,1
4557,2026-03-20T01:21:29.530,78.791,1
4558,2026-03-20T01:21:29.615,79.160,1
4559,2026-03-20T01:21:29.696,76.215,1
4560,2026-03-20T01:21:29.778,76.338,1
4561,2026-03-20T01:21:29.859,75.682,1
4562,2026-03-20T01:21:29.939,75.532,1
4563,2026-03-20T01:21:30.021,76.300,1
4564,2026-03-20T01:21:30.105,76.447,1
4565,2026-03-20T01:21:30.191,79.962,1
4566,2026-03-20T01:21:30.274,78.125,1
4567,2026-03-20T01:21:30.356,75.694,1
4568,2026-03-20T01:21:30.440,79.712,1
4569,2026-03-20T01:21:30.526,80.609,1
4570,2026-03-20T01:21:30.614,81.215,1
4571,2026-03-20T01:21:30.705,85.710,1
4572,2026-03-20T01:21:30.793,82.523,1
4573,2026-03-20T01:21:30.879,79.531,1
4574,2026-03-20T01:21:30.963,75.467,1
4575,2026-03-20T01:21:31.048,79.561,1
4576,2026-03-20T01:21:31.135,80.443,1
4577,2026-03-20T01:21:31.220,79.132,1
4578,2026-03-20T01:21:31.308,82.566,1
4579,2026-03-20T01:21:31.395,80.625,1
4580,2026-03-20T01:21:31.479,77.907,1
4581,2026-03-20T01:21:31.562,78.689,1
4582,2026-03-20T01:21:31.640,71.734,1
4583,2026-03-20T01:21:31.723,77.934,1
4584,2026-03-20T01:21:31.806,78.054,1
4585,2026-03-20T01:21:31.892,80.808,1
4586,2026-03-20T01:21:31.966,69.386,1
4587,2026-03-20T01:21:32.034,63.275,1
4588,2026-03-20T01:21:32.124,85.066,1
4589,2026-03-20T01:21:32.195,64.251,1
4590,2026-03-20T01:21:32.270,68.475,1
4591,2026-03-20T01:21:32.346,70.108,1
4592,2026-03-20T01:21:32.428,77.504,1
4593,2026-03-20T01:21:32.513,80.236,1
4594,2026-03-20T01:21:32.602,82.734,1
4595,2026-03-20T01:21:32.689,79.892,1
4596,2026-03-20T01:21:32.775,80.178,1
4597,2026-03-20T01:21:32.863,82.494,1
4598,2026-03-20T01:21:32.961,90.244,1
4599,2026-03-20T01:21:33.046,80.230,1
4600,2026-03-20T01:21:33.131,79.756,1
4601,2026-03-20T01:21:33.221,84.555,1
4602,2026-03-20T01:21:33.314,87.169,1
4603,2026-03-20T01:21:33.400,81.028,1
4604,2026-03-20T01:21:33.485,79.759,1
4605,2026-03-20T01:21:33.574,83.028,1
4606,2026-03-20T01:21:33.663,84.206,1
4607,2026-03-20T01:21:33.749,78.631,1
4608,2026-03-20T01:21:33.832,77.911,1
4609,2026-03-20T01:21:33.918,80.058,1
4610,2026-03-20T01:21:34.003,78.642,1
4611,2026-03-20T01:21:34.098,87.530,1
4612,2026-03-20T01:21:34.190,86.579,1
4613,2026-03-20T01:21:34.284,86.750,1
4614,2026-03-20T01:21:34.375,84.787,1
4615,2026-03-20T01:21:34.464,83.462,1
4616,2026-03-20T01:21:34.556,85.352,1
4617,2026-03-20T01:21:34.651,90.816,1
4618,2026-03-20T01:21:34.744,85.329,1
4619,2026-03-20T01:21:34.842,93.553,1
4620,2026-03-20T01:21:34.934,86.509,1
4621,2026-03-20T01:21:35.027,87.310,1
4622,2026-03-20T01:21:35.116,81.961,1
4623,2026-03-20T01:21:35.199,76.566,1
4624,2026-03-20T01:21:35.283,78.589,1
4625,2026-03-20T01:21:35.374,82.814,1
4626,2026-03-20T01:21:35.470,90.383,1
4627,2026-03-20T01:21:35.551,74.843,1
4628,2026-03-20T01:21:35.639,83.118,1
4629,2026-03-20T01:21:35.729,84.188,1
4630,2026-03-20T01:21:35.809,74.728,1
4631,2026-03-20T01:21:35.894,79.038,1
4632,2026-03-20T01:21:35.980,80.159,1
4633,2026-03-20T01:21:36.070,85.098,1
4634,2026-03-20T01:21:36.168,91.473,1
4635,2026-03-20T01:21:36.260,86.741,1
4636,2026-03-20T01:21:36.348,81.001,1
4637,2026-03-20T01:21:36.444,90.783,1
4638,2026-03-20T01:21:36.530,80.201,1
4639,2026-03-20T01:21:36.617,81.299,1
4640,2026-03-20T01:21:36.710,86.050,1
4641,2026-03-20T01:21:36.806,89.677,1
4642,2026-03-20T01:21:36.898,84.878,1
4643,2026-03-20T01:21:36.987,79.463,1
4644,2026-03-20T01:21:37.075,82.448,1
4645,2026-03-20T01:21:37.173,88.812,1
4646,2026-03-20T01:21:37.270,91.131,1
4647,2026-03-20T01:21:37.398,114.737,1
4648,2026-03-20T01:21:37.516,105.485,1
4649,2026-03-20T01:21:37.622,97.047,1
4650,2026-03-20T01:21:37.724,93.997,1
4651,2026-03-20T01:21:37.834,102.969,1
4652,2026-03-20T01:21:37.947,106.024,1
4653,2026-03-20T01:21:38.037,83.903,1
4654,2026-03-20T01:21:38.124,78.798,1
4655,2026-03-20T01:21:38.207,77.924,1
4656,2026-03-20T01:21:38.293,80.463,1
4657,2026-03-20T01:21:38.386,87.677,1
4658,2026-03-20T01:21:38.475,83.105,1
4659,2026-03-20T01:21:38.559,78.789,1
